{"攻撃珠【１】":0,"守勢珠【１】":0,"達人珠【１】":0,"超心珠【１】":0,"抜刀珠【１】":0,"火炎珠【１】":0,"流水珠【１】":0,"氷結珠【１】":0,"雷光珠【１】":0,"破龍珠【１】":0,"毒珠【１】":0,"麻痺珠【１】":0,"睡眠珠【１】":0,"爆破珠【１】":0,"属会珠【１】":0,"特会珠【１】":0,"溜幅珠【１】":0,"匠珠【１】":0,"業物珠【１】":0,"剛刃珠【１】":0,"心眼珠【１】":0,"鈍器珠【１】":0,"射法珠【１】":0,"初弾珠【１】":0,"積弾珠【１】":0,"特射珠【１】":0,"集中珠【１】":0,"昂揚珠【１】":0,"抜打珠【１】":0,"ＫＯ珠【１】":0,"奪気珠【１】":0,"砲術珠【１】":0,"速変珠【１】":0,"鉄壁珠【１】":0,"強壁珠【１】":0,"増弾珠【１】":0,"研磨珠【１】":0,"攻撃珠Ⅱ【２】":0,"守勢珠Ⅱ【２】":0,"達人珠Ⅱ【２】":0,"超心珠Ⅱ【２】":0,"抜刀珠Ⅱ【２】":0,"火炎珠Ⅱ【２】":0,"流水珠Ⅱ【２】":0,"氷結珠Ⅱ【２】":0,"雷光珠Ⅱ【２】":0,"破龍珠Ⅱ【２】":0,"毒珠Ⅱ【２】":0,"麻痺珠Ⅱ【２】":0,"睡眠珠Ⅱ【２】":0,"爆破珠Ⅱ【２】":0,"属会珠Ⅱ【２】":0,"特会珠Ⅱ【２】":0,"溜幅珠Ⅱ【２】":0,"匠珠Ⅱ【２】":0,"業物珠Ⅱ【２】":0,"剛刃珠Ⅱ【２】":0,"心眼珠Ⅱ【２】":0,"鈍器珠Ⅱ【２】":0,"射法珠Ⅱ【２】":0,"初弾珠Ⅱ【２】":0,"積弾珠Ⅱ【２】":0,"特射珠Ⅱ【２】":0,"毒瓶珠【２】":0,"爆瓶珠【２】":0,"疲瓶珠【２】":0,"集中珠Ⅱ【２】":0,"昂揚珠Ⅱ【２】":0,"抜打珠Ⅱ【２】":0,"ＫＯ珠Ⅱ【２】":0,"奪気珠Ⅱ【２】":0,"砲術珠Ⅱ【２】":0,"速変珠Ⅱ【２】":0,"鼓笛珠【２】":0,"溜打珠【２】":0,"飛燕珠【２】":0,"鉄壁珠Ⅱ【２】":0,"強壁珠Ⅱ【２】":0,"増弾珠Ⅱ【２】":0,"研磨珠Ⅱ【２】":0,"攻撃珠Ⅲ【３】":0,"守勢珠Ⅲ【３】":0,"達人珠Ⅲ【３】":0,"超心珠Ⅲ【３】":0,"抜刀珠Ⅲ【３】":0,"火炎珠Ⅲ【３】":0,"流水珠Ⅲ【３】":0,"氷結珠Ⅲ【３】":0,"雷光珠Ⅲ【３】":0,"破龍珠Ⅲ【３】":0,"毒珠Ⅲ【３】":0,"麻痺珠Ⅲ【３】":0,"睡眠珠Ⅲ【３】":0,"爆破珠Ⅲ【３】":0,"属会珠Ⅲ【３】":0,"属会・匠珠【３】":0,"属会・射法珠【３】":0,"属会・ＫＯ珠【３】":0,"属会・鉄壁珠【３】":0,"特会珠Ⅲ【３】":0,"溜幅珠Ⅲ【３】":0,"匠珠Ⅲ【３】":0,"業物珠Ⅲ【３】":0,"剛刃珠Ⅲ【３】":0,"心眼珠Ⅲ【３】":0,"鈍器珠Ⅲ【３】":0,"達芸珠【３】":0,"強弾珠【３】":0,"貫通珠【３】":0,"散弾珠【３】":0,"射法珠Ⅲ【３】":0,"速射珠【３】":0,"初弾珠Ⅲ【３】":0,"積弾珠Ⅲ【３】":0,"痺瓶珠【３】":0,"眠瓶珠【３】":0,"集中珠Ⅲ【３】":0,"昂揚珠Ⅲ【３】":0,"抜打珠Ⅲ【３】":0,"ＫＯ珠Ⅲ【３】":0,"奪気珠Ⅲ【３】":0,"砲術珠Ⅲ【３】":0,"速変珠Ⅲ【３】":0,"鼓笛・攻撃珠【３】":0,"鼓笛・達人珠【３】":0,"鼓笛・抜刀珠【３】":0,"鼓笛・匠珠【３】":0,"鼓笛・ＫＯ珠【３】":0,"溜打・攻撃珠【３】":0,"溜打・達人珠【３】":0,"溜打・抜刀珠【３】":0,"溜打・匠珠【３】":0,"溜打・ＫＯ珠【３】":0,"飛燕・攻撃珠【３】":0,"飛燕・達人珠【３】":0,"飛燕・抜刀珠【３】":0,"飛燕・匠珠【３】":0,"強毒珠【２】":0,"鉄壁珠Ⅲ【３】":0,"強壁珠Ⅲ【３】":0,"増弾・攻撃珠【３】":0,"増弾・達人珠【３】":0,"増弾・抜刀珠【３】":0,"増弾・匠珠【３】":0,"増弾・鉄壁珠【３】":0,"研磨・攻撃珠【３】":0,"研磨・達人珠【３】":0,"研磨・抜刀珠【３】":0,"研磨・匠珠【３】":0,"研磨・ＫＯ珠【３】":0,"研磨・鉄壁珠【３】":0,"火炎・守勢珠【３】":0,"火炎・属会珠【３】":0,"火炎・匠珠【３】":0,"火炎・業物珠【３】":0,"火炎・射法珠【３】":0,"火炎・初弾珠【３】":0,"火炎・積弾珠【３】":0,"火炎・集中珠【３】":0,"火炎・昂揚珠【３】":0,"火炎・ＫＯ珠【３】":0,"火炎・速変珠【３】":0,"火炎・鉄壁珠【３】":0,"火炎・強壁珠【３】":0,"流水・守勢珠【３】":0,"流水・属会珠【３】":0,"流水・匠珠【３】":0,"流水・業物珠【３】":0,"流水・射法珠【３】":0,"流水・初弾珠【３】":0,"流水・積弾珠【３】":0,"流水・集中珠【３】":0,"流水・昂揚珠【３】":0,"流水・ＫＯ珠【３】":0,"流水・速変珠【３】":0,"流水・鉄壁珠【３】":0,"流水・強壁珠【３】":0,"氷結・守勢珠【３】":0,"氷結・属会珠【３】":0,"氷結・匠珠【３】":0,"氷結・業物珠【３】":0,"氷結・射法珠【３】":0,"氷結・初弾珠【３】":0,"氷結・積弾珠【３】":0,"氷結・集中珠【３】":0,"氷結・昂揚珠【３】":0,"氷結・ＫＯ珠【３】":0,"氷結・速変珠【３】":0,"氷結・鉄壁珠【３】":0,"氷結・強壁珠【３】":0,"雷光・守勢珠【３】":0,"雷光・属会珠【３】":0,"雷光・匠珠【３】":0,"雷光・業物珠【３】":0,"雷光・射法珠【３】":0,"雷光・初弾珠【３】":0,"雷光・積弾珠【３】":0,"雷光・集中珠【３】":0,"雷光・昂揚珠【３】":0,"雷光・ＫＯ珠【３】":0,"雷光・速変珠【３】":0,"雷光・鉄壁珠【３】":0,"雷光・強壁珠【３】":0,"破龍・守勢珠【３】":0,"破龍・属会珠【３】":0,"破龍・匠珠【３】":0,"破龍・業物珠【３】":0,"破龍・射法珠【３】":0,"破龍・初弾珠【３】":0,"破龍・積弾珠【３】":0,"破龍・集中珠【３】":0,"破龍・昂揚珠【３】":0,"破龍・ＫＯ珠【３】":0,"破龍・速変珠【３】":0,"破龍・鉄壁珠【３】":0,"破龍・強壁珠【３】":0,"特会・匠珠【３】":0,"特会・射法珠【３】":0,"特会・ＫＯ珠【３】":0,"特会・鉄壁珠【３】":0,"強毒・攻撃珠【３】":0,"強毒・達人珠【３】":0,"強毒・抜刀珠【３】":0,"強毒・匠珠【３】":0,"強毒・射法珠【３】":0,"強毒・ＫＯ珠【３】":0,"強毒・鉄壁珠【３】":0,"強壁・火炎珠【３】":0,"強壁・流水珠【３】":0,"強壁・氷結珠【３】":0,"強壁・雷光珠【３】":0,"強壁・破龍珠【３】":0,"強壁・匠珠【３】":0,"強壁・鉄壁珠【３】":0,"守勢・火炎珠【３】":0,"守勢・流水珠【３】":0,"守勢・氷結珠【３】":0,"守勢・雷光珠【３】":0,"守勢・破龍珠【３】":0,"守勢・匠珠【３】":0,"守勢・鉄壁珠【３】":0,"属会・火炎珠【３】":0,"属会・流水珠【３】":0,"属会・氷結珠【３】":0,"属会・雷光珠【３】":0,"属会・破龍珠【３】":0,"溜幅・匠珠【３】":0,"溜幅・ＫＯ珠【３】":0,"業物・火炎珠【３】":0,"業物・流水珠【３】":0,"業物・氷結珠【３】":0,"業物・雷光珠【３】":0,"業物・破龍珠【３】":0,"業物・匠珠【３】":0,"業物・ＫＯ珠【３】":0,"業物・鉄壁珠【３】":0,"初弾・火炎珠【３】":0,"初弾・流水珠【３】":0,"初弾・氷結珠【３】":0,"初弾・雷光珠【３】":0,"初弾・破龍珠【３】":0,"初弾・射法珠【３】":0,"初弾・鉄壁珠【３】":0,"積弾・火炎珠【３】":0,"積弾・流水珠【３】":0,"積弾・氷結珠【３】":0,"積弾・雷光珠【３】":0,"積弾・破龍珠【３】":0,"積弾・射法珠【３】":0,"積弾・鉄壁珠【３】":0,"集中・火炎珠【３】":0,"集中・流水珠【３】":0,"集中・氷結珠【３】":0,"集中・雷光珠【３】":0,"集中・破龍珠【３】":0,"集中・匠珠【３】":0,"集中・射法珠【３】":0,"集中・ＫＯ珠【３】":0,"昂揚・火炎珠【３】":0,"昂揚・流水珠【３】":0,"昂揚・氷結珠【３】":0,"昂揚・雷光珠【３】":0,"昂揚・破龍珠【３】":0,"昂揚・匠珠【３】":0,"抜打・匠珠【３】":0,"抜打・ＫＯ珠【３】":0,"抜打・鉄壁珠【３】":0,"速変・火炎珠【３】":0,"速変・流水珠【３】":0,"速変・氷結珠【３】":0,"速変・雷光珠【３】":0,"速変・破龍珠【３】":0,"速変・匠珠【３】":0,"速変・ＫＯ珠【３】":0,"速変・鉄壁珠【３】":0,"防御珠【１】":0,"加護珠【１】":0,"耐火珠【１】":0,"耐水珠【１】":0,"耐雷珠【１】":0,"耐氷珠【１】":0,"耐龍珠【１】":0,"耐毒珠【１】":0,"耐麻珠【１】":0,"耐眠珠【１】":0,"耐防珠【１】":0,"耐絶珠【１】":0,"耐裂珠【１】":0,"耐拘珠【１】":0,"耐爆珠【１】":0,"耐臭珠【１】":0,"適応珠【１】":0,"治癒珠【１】":0,"早復珠【１】":0,"環境珠【１】":0,"体術珠【１】":0,"強走珠【１】":0,"無食珠【１】":0,"研鑽珠【１】":0,"速納珠【１】":0,"防風珠【１】":0,"耐震珠【１】":0,"耐衝珠【１】":0,"威嚇珠【１】":0,"早食珠【１】":0,"沼渡珠【１】":0,"緩衝珠【１】":0,"飛込珠【１】":0,"強跳珠【１】":0,"登壁珠【１】":0,"友愛珠【１】":0,"爆師珠【１】":0,"持続珠【１】":0,"節食珠【１】":0,"閃光珠【１】":0,"植学珠【１】":0,"地学珠【１】":0,"標本珠【１】":0,"狩人珠【１】":0,"逆上珠【２】":0,"無傷珠【２】":0,"逆襲珠【２】":0,"渾身珠【２】":0,"早気珠【２】":0,"底力珠【２】":0,"重撃珠【２】":0,"急襲珠【２】":0,"回避珠【２】":0,"跳躍珠【２】":0,"防音珠【２】":0,"整備珠【２】":0,"茸好珠【２】":0,"反攻珠【３】":0,"痛撃珠【３】":0,"挑戦珠【３】":0,"全開珠【３】":0,"連撃珠【３】":0,"攻勢珠【３】":0,"刺撃珠【３】":0,"抗狂珠【１】":0,"転福珠【２】":0}