{"防音珠【３】":5,"毒瓶珠【３】":5,"痺瓶珠【３】":5,"眠瓶珠【３】":5,"爆瓶珠【３】":5,"解放珠【３】":5,"匠珠【３】":5,"耐衝珠【３】":5,"強弾珠【３】":5,"貫通珠【３】":5,"散弾珠【３】":5,"龍封珠【３】":5,"防風珠【２】":5,"耐震珠【２】":5,"超心珠【２】":5,"痛撃珠【２】":5,"短縮珠【２】":5,"抜刀珠【２】":5,"重撃珠【２】":5,"ＫＯ珠【２】":5,"飛燕珠【２】":5,"全開珠【２】":5,"挑戦珠【２】":5,"無傷珠【２】":5,"底力珠【２】":5,"逆上珠【２】":5,"増弾珠【２】":5,"強走珠【２】":5,"体術珠【２】":5,"早気珠【２】":5,"回避珠【２】":5,"跳躍珠【２】":5,"渾身珠【２】":5,"滑走珠【２】":5,"昂揚珠【２】":5,"強弓珠【２】":5,"剛刃珠【２】":5,"心眼珠【２】":5,"強壁珠【２】":5,"無撃珠【２】":5,"耐毒珠【１】":5,"耐麻珠【１】":5,"耐眠珠【１】":5,"耐絶珠【１】":5,"耐爆珠【１】":5,"耐裂珠【１】":5,"耐防珠【１】":5,"攻撃珠【１】":5,"防御珠【１】":5,"体力珠【１】":5,"早復珠【１】":5,"耐火珠【１】":5,"耐水珠【１】":5,"耐氷珠【１】":5,"耐雷珠【１】":5,"耐龍珠【１】":5,"耐属珠【１】":5,"火炎珠【１】":5,"流水珠【１】":5,"氷結珠【１】":5,"雷光珠【１】":5,"破龍珠【１】":5,"毒珠【１】":5,"麻痺珠【１】":5,"睡眠珠【１】":5,"爆破珠【１】":5,"達人珠【１】":5,"奪気珠【１】":5,"逆境珠【１】":5,"鼓笛珠【１】":5,"特射珠【１】":5,"砲術珠【１】":5,"砲手珠【１】":5,"無食珠【１】":5,"鉄壁珠【１】":5,"速納珠【１】":5,"友愛珠【１】":5,"持続珠【１】":5,"節食珠【１】":5,"早食珠【１】":5,"研磨珠【１】":5,"爆師珠【１】":5,"茸好珠【１】":5,"加護珠【１】":5,"采配珠【１】":5,"植学珠【１】":5,"地学珠【１】":5,"投石珠【１】":5,"潜伏珠【１】":5,"環境珠【１】":5,"沼渡珠【１】":5,"標本珠【１】":5,"嗅覚珠【１】":5,"威嚇珠【１】":5,"治癒珠【１】":5,"窮地珠【１】":5,"整備珠【１】":5,"耐瘴珠【１】":5,"耐暑珠【２】":5,"守勢珠【２】":5,"耐寒珠【２】":5,"転福珠【３】":5,"陽動珠【３】":5,"受身珠【３】":5,"削撃珠【３】":5,"耐火珠Ⅱ【４】":5,"耐水珠Ⅱ【４】":5,"耐氷珠Ⅱ【４】":5,"耐雷珠Ⅱ【４】":5,"耐龍珠Ⅱ【４】":5,"火炎珠Ⅱ【４】":5,"流水珠Ⅱ【４】":5,"氷結珠Ⅱ【４】":5,"雷光珠Ⅱ【４】":5,"破龍珠Ⅱ【４】":5,"毒珠Ⅱ【４】":5,"麻痺珠Ⅱ【４】":5,"睡眠珠Ⅱ【４】":5,"爆破珠Ⅱ【４】":5,"耐火珠Ⅲ【４】":5,"耐水珠Ⅲ【４】":5,"耐氷珠Ⅲ【４】":5,"耐雷珠Ⅲ【４】":5,"耐龍珠Ⅲ【４】":5,"耐毒珠Ⅱ【４】":5,"耐麻珠Ⅱ【４】":5,"耐眠珠Ⅱ【４】":5,"耐絶珠Ⅱ【４】":5,"耐爆珠Ⅱ【４】":5,"耐裂珠Ⅱ【４】":5,"耐防珠Ⅱ【４】":5,"耐瘴珠Ⅱ【４】":5,"無食珠Ⅱ【４】":5,"早復珠Ⅱ【４】":5,"潜伏珠Ⅱ【４】":5,"威嚇珠Ⅱ【４】":5,"采配珠Ⅱ【４】":5,"潜伏珠Ⅲ【４】":5,"威嚇珠Ⅲ【４】":5,"采配珠Ⅲ【４】":5,"特射珠Ⅱ【４】":5,"砲手珠Ⅱ【４】":5,"植学珠Ⅱ【４】":5,"地学珠Ⅱ【４】":5,"環境珠Ⅱ【４】":5,"沼渡珠Ⅱ【４】":5,"標本珠Ⅱ【４】":5,"鼓笛珠Ⅱ【４】":5,"植学珠Ⅳ【４】":5,"地学珠Ⅲ【４】":5,"環境珠Ⅲ【４】":5,"標本珠Ⅲ【４】":5,"持続珠Ⅱ【４】":5,"防御珠Ⅱ【４】":5,"持続珠Ⅲ【４】":5,"防御珠Ⅲ【４】":5,"砲術珠Ⅱ【４】":5,"防音珠Ⅱ【４】":5,"防風珠Ⅱ【４】":5,"攻撃珠Ⅱ【４】":5,"達人珠Ⅱ【４】":5,"匠珠Ⅱ【４】":5,"全開珠Ⅱ【４】":5,"挑戦珠Ⅱ【４】":5,"底力珠Ⅱ【４】":5,"逆上珠Ⅱ【４】":5,"体術珠Ⅱ【４】":5,"回避珠Ⅱ【４】":5,"鉄壁珠Ⅱ【４】":5,"友愛珠Ⅱ【４】":5,"奪気・体術珠【４】":5,"逆境・体術珠【４】":5,"窮地・体術珠【４】":5,"鉄壁・体術珠【４】":5,"友愛・体術珠【４】":5,"節食・体術珠【４】":5,"投石・体術珠【４】":5,"耐属・体術珠【４】":5,"飛燕・体術珠【４】":5,"強走・体術珠【４】":5,"早気・体術珠【４】":5,"跳躍・体術珠【４】":5,"速納・体術珠【４】":5,"早食・体術珠【４】":5,"研磨・体術珠【４】":5,"爆師・体術珠【４】":5,"茸好・体術珠【４】":5,"滑走・体術珠【４】":5,"守勢・体術珠【４】":5,"奪気・回避珠【４】":5,"逆境・回避珠【４】":5,"窮地・回避珠【４】":5,"鉄壁・回避珠【４】":5,"友愛・回避珠【４】":5,"節食・回避珠【４】":5,"投石・回避珠【４】":5,"耐属・回避珠【４】":5,"飛燕・回避珠【４】":5,"強走・回避珠【４】":5,"早気・回避珠【４】":5,"跳躍・回避珠【４】":5,"速納・回避珠【４】":5,"早食・回避珠【４】":5,"研磨・回避珠【４】":5,"爆師・回避珠【４】":5,"茸好・回避珠【４】":5,"滑走・回避珠【４】":5,"守勢・回避珠【４】":5,"奪気・攻撃珠【４】":5,"逆境・攻撃珠【４】":5,"窮地・攻撃珠【４】":5,"鉄壁・攻撃珠【４】":5,"友愛・攻撃珠【４】":5,"節食・攻撃珠【４】":5,"投石・攻撃珠【４】":5,"耐属・攻撃珠【４】":5,"飛燕・攻撃珠【４】":5,"強走・攻撃珠【４】":5,"早気・攻撃珠【４】":5,"跳躍・攻撃珠【４】":5,"速納・攻撃珠【４】":5,"早食・攻撃珠【４】":5,"研磨・攻撃珠【４】":5,"爆師・攻撃珠【４】":5,"茸好・攻撃珠【４】":5,"滑走・攻撃珠【４】":5,"守勢・攻撃珠【４】":5,"奪気・達人珠【４】":5,"逆境・達人珠【４】":5,"窮地・達人珠【４】":5,"鉄壁・達人珠【４】":5,"友愛・達人珠【４】":5,"節食・達人珠【４】":5,"投石・達人珠【４】":5,"耐属・達人珠【４】":5,"飛燕・達人珠【４】":5,"強走・達人珠【４】":5,"早気・達人珠【４】":5,"跳躍・達人珠【４】":5,"速納・達人珠【４】":5,"早食・達人珠【４】":5,"研磨・達人珠【４】":5,"爆師・達人珠【４】":5,"茸好・達人珠【４】":5,"滑走・達人珠【４】":5,"守勢・達人珠【４】":5,"奪気・解放珠【４】":5,"逆境・解放珠【４】":5,"窮地・解放珠【４】":5,"鉄壁・解放珠【４】":5,"友愛・解放珠【４】":5,"節食・解放珠【４】":5,"投石・解放珠【４】":5,"耐属・解放珠【４】":5,"飛燕・解放珠【４】":5,"強走・解放珠【４】":5,"早気・解放珠【４】":5,"跳躍・解放珠【４】":5,"速納・解放珠【４】":5,"早食・解放珠【４】":5,"研磨・解放珠【４】":5,"爆師・解放珠【４】":5,"茸好・解放珠【４】":5,"滑走・解放珠【４】":5,"守勢・解放珠【４】":5,"奪気・匠珠【４】":5,"逆境・匠珠【４】":5,"窮地・匠珠【４】":5,"鉄壁・匠珠【４】":5,"友愛・匠珠【４】":5,"節食・匠珠【４】":5,"投石・匠珠【４】":5,"耐属・匠珠【４】":5,"飛燕・匠珠【４】":5,"強走・匠珠【４】":5,"早気・匠珠【４】":5,"跳躍・匠珠【４】":5,"速納・匠珠【４】":5,"早食・匠珠【４】":5,"研磨・匠珠【４】":5,"爆師・匠珠【４】":5,"茸好・匠珠【４】":5,"滑走・匠珠【４】":5,"守勢・匠珠【４】":5,"耐震・加護珠【４】":5,"短縮・加護珠【４】":5,"昂揚・加護珠【４】":5,"重撃・加護珠【４】":5,"ＫＯ・加護珠【４】":5,"底力・加護珠【４】":5,"防風・加護珠【４】":5,"抜刀・加護珠【４】":5,"全開・加護珠【４】":5,"挑戦・加護珠【４】":5,"無傷・加護珠【４】":5,"逆上・加護珠【４】":5,"渾身・加護珠【４】":5,"耐衝・加護珠【４】":5,"転福・加護珠【４】":5,"防音・加護珠【４】":5,"超心・加護珠【４】":5,"痛撃・加護珠【４】":5,"匠・加護珠【４】":5,"解放・加護珠【４】":5,"耐震・治癒珠【４】":5,"短縮・治癒珠【４】":5,"昂揚・治癒珠【４】":5,"重撃・治癒珠【４】":5,"ＫＯ・治癒珠【４】":5,"底力・治癒珠【４】":5,"防風・治癒珠【４】":5,"抜刀・治癒珠【４】":5,"全開・治癒珠【４】":5,"挑戦・治癒珠【４】":5,"無傷・治癒珠【４】":5,"逆上・治癒珠【４】":5,"渾身・治癒珠【４】":5,"耐衝・治癒珠【４】":5,"転福・治癒珠【４】":5,"防音・治癒珠【４】":5,"超心・治癒珠【４】":5,"痛撃・治癒珠【４】":5,"匠・治癒珠【４】":5,"解放・治癒珠【４】":5,"耐震・体力珠【４】":5,"短縮・体力珠【４】":5,"昂揚・体力珠【４】":5,"重撃・体力珠【４】":5,"ＫＯ・体力珠【４】":5,"底力・体力珠【４】":5,"防風・体力珠【４】":5,"抜刀・体力珠【４】":5,"全開・体力珠【４】":5,"挑戦・体力珠【４】":5,"無傷・体力珠【４】":5,"逆上・体力珠【４】":5,"渾身・体力珠【４】":5,"耐衝・体力珠【４】":5,"転福・体力珠【４】":5,"防音・体力珠【４】":5,"超心・体力珠【４】":5,"痛撃・体力珠【４】":5,"匠・体力珠【４】":5,"解放・体力珠【４】":5,"耐震・整備珠【４】":5,"短縮・整備珠【４】":5,"昂揚・整備珠【４】":5,"重撃・整備珠【４】":5,"ＫＯ・整備珠【４】":5,"底力・整備珠【４】":5,"防風・整備珠【４】":5,"抜刀・整備珠【４】":5,"全開・整備珠【４】":5,"挑戦・整備珠【４】":5,"無傷・整備珠【４】":5,"逆上・整備珠【４】":5,"渾身・整備珠【４】":5,"耐衝・整備珠【４】":5,"転福・整備珠【４】":5,"防音・整備珠【４】":5,"超心・整備珠【４】":5,"痛撃・整備珠【４】":5,"匠・整備珠【４】":5,"解放・整備珠【４】":5,"耐震・体術珠【４】":5,"短縮・体術珠【４】":5,"昂揚・体術珠【４】":5,"重撃・体術珠【４】":5,"ＫＯ・体術珠【４】":5,"底力・体術珠【４】":5,"防風・体術珠【４】":5,"抜刀・体術珠【４】":5,"全開・体術珠【４】":5,"挑戦・体術珠【４】":5,"無傷・体術珠【４】":5,"逆上・体術珠【４】":5,"渾身・体術珠【４】":5,"耐衝・体術珠【４】":5,"転福・体術珠【４】":5,"防音・体術珠【４】":5,"超心・体術珠【４】":5,"痛撃・体術珠【４】":5,"匠・体術珠【４】":5,"解放・体術珠【４】":5,"耐震・回避珠【４】":5,"短縮・回避珠【４】":5,"昂揚・回避珠【４】":5,"重撃・回避珠【４】":5,"ＫＯ・回避珠【４】":5,"底力・回避珠【４】":5,"防風・回避珠【４】":5,"抜刀・回避珠【４】":5,"全開・回避珠【４】":5,"挑戦・回避珠【４】":5,"無傷・回避珠【４】":5,"逆上・回避珠【４】":5,"渾身・回避珠【４】":5,"耐衝・回避珠【４】":5,"転福・回避珠【４】":5,"防音・回避珠【４】":5,"超心・回避珠【４】":5,"痛撃・回避珠【４】":5,"匠・回避珠【４】":5,"解放・回避珠【４】":5}