シリーズ名,名前,レア度,スロット1,スロット2,スロット3,入手時期,初期防御力,最終防御力,火耐性,水耐性,雷耐性,氷耐性,龍耐性,スキル系統1,スキル値1,スキル系統2,スキル値2,スキル系統3,スキル値3,スキル系統4,スキル値4,スキル系統5,スキル値5
レザー,レザーベスト,1,0,0,0,1,2,38,2,0,0,0,0,,,,,,,,,,
チェーン,チェーンベスト,1,0,0,0,1,2,38,0,2,0,0,0,,,,,,,,,,
ハンター,ハンターメイル,1,0,0,0,1,6,42,2,2,0,0,0,スリンガー装填数ＵＰ,1,,,,,,,,
ボーン,ボーンメイル,1,0,0,0,1,6,42,2,0,2,0,2,攻撃,1,,,,,,,,
ランゴ,ランゴメイル,1,0,0,0,3,8,44,-2,1,1,1,2,風圧耐性,1,,,,,,,,
ジャグラス,ジャグラスメイル,1,0,0,0,2,8,44,-2,2,-1,-1,1,威嚇,1,,,,,,,,
クルル,クルルメイル,1,0,0,0,2,10,46,0,-3,0,1,0,スタミナ急速回復,1,,,,,,,,
アロイ,アロイメイル,2,0,0,0,3,8,40,-2,1,-2,-2,1,水耐性,1,,,,,,,,
プケプケ,プケプケメイル,2,0,0,0,2,12,44,0,3,-3,0,1,アイテム使用強化,1,,,,,,,,
ボロス,ボロスメイル,2,0,0,0,3,14,38,-3,-1,3,-1,0,スタミナ奪取,1,,,,,,,,
ジュラ,ジュラメイル,2,0,0,0,3,14,46,-1,2,-3,0,0,泥耐性,1,,,,,,,,
カガチ,カガチメイル,2,0,0,0,4,16,48,0,-3,3,0,0,ジャンプ鉄人,1,,,,,,,,
ハイメタ,ハイメタメイル,3,0,0,0,6,18,46,0,-1,-2,3,0,耳栓,1,,,,,,,,
オウビート,オウビートペット,3,0,0,0,6,22,50,-1,-1,2,0,2,納刀術,1,,,,,,,,
パピメル,パピメルペット,3,0,0,0,6,22,50,-1,-1,2,0,2,納刀術,1,,,,,,,,
タロス,タロスメイル,3,0,0,0,8,18,46,-1,-1,0,0,2,瘴気環境適応,1,,,,,,,,
ジャナフ,ジャナフメイル,3,0,0,0,4,20,48,3,-3,-1,-1,0,ランナー,1,蛮顎竜の力,1,,,,,,
レイア,レイアメイル,3,0,0,0,5,22,50,2,0,-2,0,-3,植生学,1,,,,,,,,
ツィツィ,ツィツィメイル,3,0,0,0,6,18,46,0,0,-3,-2,0,体術,1,,,,,,,,
ウルムー,ウルムーメイル,3,0,0,0,6,20,48,-3,2,0,1,0,乗り名人,1,,,,,,,,
ギルオス,ギルオスメイル,3,0,0,0,8,20,48,0,-3,2,0,1,麻痺耐性,1,,,,,,,,
バルキン,バルキンメイル,3,0,0,0,8,24,52,0,2,0,-1,-2,睡眠耐性,1,,,,,,,,
インゴット,インゴットメイル,4,0,0,0,8,28,52,-2,0,3,-1,0,雷耐性,1,,,,,,,,
デスギア,デスギアムスケル,4,0,0,0,6,32,56,3,2,-2,3,-4,不屈,1,,,,,,,,
ブリゲイド,ブリゲイドスーツ,4,0,0,0,5,28,52,1,0,2,0,2,精霊の加護,1,,,,,,,,
ギエナ,ギエナメイル,4,0,0,0,8,30,54,-1,2,-3,3,0,回避性能,1,風漂竜の恩恵,1,,,,,,
ガロン,ガロンメイル,4,0,0,0,8,30,54,2,2,-2,-3,0,砥石使用高速化,1,惨爪竜の力,1,,,,,,
レウス,レウスメイル,4,0,0,0,8,30,54,3,1,-2,1,-3,弱点特効,1,火竜の力,1,,,,,,
ディアブロ,ディアブロメイル,4,0,0,0,8,32,56,3,-2,0,-3,2,ＫＯ術,1,角竜の力,1,,,,,,
キリン,キリンベスト,4,0,0,0,8,34,58,-3,-2,4,-2,2,精霊の加護,1,幻獣の恩恵,1,,,,,,
ブロッサム,ブロッサムベスト,3,0,0,0,3,18,46,1,1,4,1,1,納刀術,1,,,,,,,,
ダイバー,ダイバースーツ,3,0,0,0,3,22,50,1,4,1,1,1,見切り,1,,,,,,,,
ハーベスト,ハーベストトロンコ,3,0,0,0,6,26,54,4,1,1,1,1,耐震,1,,,,,,,,
オリオン,オリオンベスト,4,0,0,0,8,30,54,1,1,1,4,1,ひるみ軽減,1,,,,,,,,
フルドレス,フルドレススーツ,4,0,0,0,8,34,58,1,1,1,1,4,抜刀術【技】,1,アステラの祝福,1,,,,,,
パピオム,パピオムペット,3,0,0,0,4,22,50,-1,-1,2,0,2,体力増強,1,,,,,,,,
クインビート,クインビートペット,3,0,0,0,4,22,50,-1,-1,2,0,2,体力増強,1,,,,,,,,
レザーα,レザーベストα,5,0,0,0,11,32,54,2,0,0,0,0,火耐性,1,,,,,,,,
レザーβ,レザーベストβ,5,1,0,0,11,32,54,2,0,0,0,0,,,,,,,,,,
チェーンα,チェーンベストα,5,0,0,0,11,32,54,0,2,0,0,0,水耐性,1,,,,,,,,
チェーンβ,チェーンベストβ,5,1,0,0,11,32,54,0,2,0,0,0,,,,,,,,,,
ハンターα,ハンターメイルα,5,0,0,0,11,36,58,2,2,0,0,0,スリンガー装填数ＵＰ,2,,,,,,,,
ハンターβ,ハンターメイルβ,5,1,0,0,11,36,58,2,2,0,0,0,スリンガー装填数ＵＰ,1,,,,,,,,
ボーンα,ボーンメイルα,5,0,0,0,11,36,58,2,0,2,0,2,攻撃,2,,,,,,,,
ボーンβ,ボーンメイルβ,5,1,0,0,11,36,58,2,0,2,0,2,攻撃,1,,,,,,,,
アロイα,アロイメイルα,5,0,0,0,11,36,58,-2,0,-2,-2,0,水耐性,2,,,,,,,,
アロイβ,アロイメイルβ,5,1,0,0,11,36,58,-2,0,-2,-2,0,水耐性,1,,,,,,,,
オウビートα,オウビートペットα,5,0,0,0,11,42,64,-1,-1,2,0,2,納刀術,2,植生学,1,,,,,,
オウビートβ,オウビートペットβ,5,1,0,0,11,42,64,-1,-1,2,0,2,納刀術,2,,,,,,,,
パピメルα,パピメルペットα,5,0,0,0,11,42,64,-1,-1,2,0,2,納刀術,2,植生学,1,,,,,,
パピメルβ,パピメルペットβ,5,1,0,0,11,42,64,-1,-1,2,0,2,納刀術,2,,,,,,,,
ランゴα,ランゴメイルα,5,0,0,0,11,38,60,-2,1,1,1,2,風圧耐性,2,,,,,,,,
ランゴβ,ランゴメイルβ,5,1,0,0,11,38,60,-2,1,1,1,2,風圧耐性,1,,,,,,,,
タロスα,タロスメイルα,5,0,0,0,11,38,60,-1,-1,0,0,2,瘴気環境適応,1,腹減り耐性,1,,,,,,
タロスβ,タロスメイルβ,5,1,0,0,11,38,60,-1,-1,0,0,2,瘴気環境適応,1,,,,,,,,
ジャグラスα,ジャグラスメイルα,5,0,0,0,11,40,62,-2,2,-1,-1,1,威嚇,2,,,,,,,,
ジャグラスβ,ジャグラスメイルβ,5,1,0,0,11,40,62,-2,2,-1,-1,1,威嚇,1,,,,,,,,
クルルα,クルルメイルα,5,0,0,0,11,40,62,0,-3,0,1,0,スタミナ急速回復,1,見切り,1,,,,,,
クルルβ,クルルメイルβ,5,1,0,0,11,40,62,0,-3,0,1,0,スタミナ急速回復,1,,,,,,,,
ツィツィα,ツィツィメイルα,5,0,0,0,11,40,62,0,0,-3,-2,0,体術,1,水属性攻撃強化,2,,,,,,
ツィツィβ,ツィツィメイルβ,5,1,1,0,11,40,62,0,0,-3,-2,0,体術,1,,,,,,,,
ギルオスα,ギルオスメイルα,5,0,0,0,11,40,62,0,-3,2,0,1,麻痺耐性,2,,,,,,,,
ギルオスβ,ギルオスメイルβ,5,1,0,0,11,40,62,0,-3,2,0,1,麻痺耐性,1,,,,,,,,
プケプケα,プケプケメイルα,5,0,0,0,11,42,64,0,3,-3,0,1,アイテム使用強化,1,植生学,1,,,,,,
プケプケβ,プケプケメイルβ,5,1,0,0,11,42,64,0,3,-3,0,1,アイテム使用強化,1,,,,,,,,
ボロスα,ボロスメイルα,5,0,0,0,11,42,64,-3,-1,3,-1,0,スタミナ奪取,2,,,,,,,,
ボロスβ,ボロスメイルβ,5,1,0,0,11,42,64,-3,-1,3,-1,0,スタミナ奪取,1,,,,,,,,
ジャナフα,ジャナフメイルα,5,0,0,0,11,44,66,3,-3,-1,-1,0,ランナー,1,特殊射撃強化,1,蛮顎竜の闘志,1,,,,
ジャナフβ,ジャナフメイルβ,5,1,1,0,11,44,66,3,-3,-1,-1,0,ランナー,1,蛮顎竜の闘志,1,,,,,,
ジュラα,ジュラメイルα,5,0,0,0,11,44,66,-1,2,-3,0,0,泥耐性,1,水属性攻撃強化,1,,,,,,
ジュラβ,ジュラメイルβ,5,1,0,0,11,44,66,-1,2,-3,0,0,泥耐性,1,,,,,,,,
カガチα,カガチメイルα,5,0,0,0,11,44,66,0,-3,3,0,0,ジャンプ鉄人,1,回避距離ＵＰ,1,,,,,,
カガチβ,カガチメイルβ,5,2,0,0,11,44,66,0,-3,3,0,0,ジャンプ鉄人,1,,,,,,,,
ウルムーα,ウルムーメイルα,5,0,0,0,11,44,66,-3,2,0,1,0,乗り名人,1,砲術,1,,,,,,
ウルムーβ,ウルムーメイルβ,5,1,0,0,11,44,66,-3,2,0,1,0,乗り名人,1,,,,,,,,
レイアα,レイアメイルα,5,0,0,0,11,46,68,2,0,-2,0,-3,植生学,2,体力回復量ＵＰ,1,,,,,,
レイアβ,レイアメイルβ,5,1,0,0,11,46,68,2,0,-2,0,-3,植生学,1,体力回復量ＵＰ,1,,,,,,
リオハートα,リオハートメイルα,6,0,0,0,13,52,72,3,0,-3,0,-4,整備,2,桜火竜の奥義,1,,,,,,
リオハートβ,リオハートメイルβ,6,1,1,0,13,52,72,3,0,-3,0,-4,整備,1,桜火竜の奥義,1,,,,,,
バルキンα,バルキンメイルα,6,0,0,0,11,46,66,0,2,0,-1,-2,睡眠属性強化,1,裂傷耐性,1,,,,,,
バルキンβ,バルキンメイルβ,6,1,0,0,11,46,66,0,2,0,-1,-2,睡眠属性強化,1,,,,,,,,
バルノスα,バルノスマントα,5,0,0,0,13,48,70,1,1,0,1,-2,熱ダメージ無効,1,防御力ＤＯＷＮ耐性,1,,,,,,
バルノスβ,バルノスマントβ,5,1,0,0,13,48,70,1,1,0,1,-2,熱ダメージ無効,1,,,,,,,,
ガマルα,ガマルメイルα,5,0,0,0,13,48,70,2,0,-3,0,2,爆破属性強化,2,,,,,,,,
ガマルβ,ガマルメイルβ,5,1,0,0,13,48,70,2,0,-3,0,2,爆破属性強化,1,,,,,,,,
ゾラマグナα,ゾラマグナハイドα,6,0,0,0,11,44,64,4,-3,-1,-2,-3,爆破属性強化,2,風圧耐性,1,熔山龍の奥義,1,,,,
ゾラマグナβ,ゾラマグナハイドβ,6,2,0,0,11,44,64,4,-3,-1,-2,-3,爆破属性強化,2,熔山龍の奥義,1,,,,,,
ハイメタα,ハイメタメイルα,6,0,0,0,13,50,70,0,-1,-2,3,0,耳栓,2,氷属性攻撃強化,1,,,,,,
ハイメタβ,ハイメタメイルβ,6,2,0,0,13,50,70,0,-1,-2,3,0,耳栓,1,氷属性攻撃強化,1,,,,,,
インゴットα,インゴットメイルα,6,0,0,0,13,50,70,-2,0,3,-1,0,雷耐性,2,,,,,,,,
インゴットβ,インゴットメイルβ,6,1,0,0,13,50,70,-2,0,3,-1,0,雷耐性,1,,,,,,,,
ブリゲイドα,ブリゲイドスーツα,6,2,0,0,13,52,72,1,0,2,0,2,精霊の加護,2,,,,,,,,
ブリゲイドβ,ブリゲイドスーツβ,6,2,2,0,13,52,72,1,0,2,0,2,精霊の加護,1,,,,,,,,
ラヴァα,ラヴァメイルα,6,0,0,0,13,56,76,3,-3,1,-2,2,火属性攻撃強化,2,熱ダメージ無効,1,,,,,,
ラヴァβ,ラヴァメイルβ,6,1,1,0,13,56,76,3,-3,1,-2,2,火属性攻撃強化,2,,,,,,,,
ギエナα,ギエナメイルα,6,0,0,0,13,54,74,-1,2,-3,3,0,回避性能,2,精霊の加護,1,風漂竜の恩寵,1,,,,
ギエナβ,ギエナメイルβ,6,1,0,0,13,54,74,-1,2,-3,3,0,回避性能,2,風漂竜の恩寵,1,,,,,,
ガロンα,ガロンメイルα,6,0,0,0,13,54,74,2,2,-2,-3,0,砥石使用高速化,2,裂傷耐性,1,惨爪竜の奥義,1,,,,
ガロンβ,ガロンメイルβ,6,1,0,0,13,54,74,2,2,-2,-3,0,砥石使用高速化,2,惨爪竜の奥義,1,,,,,,
レウスα,レウスメイルα,6,0,0,0,13,54,74,3,1,-2,1,-3,弱点特効,2,火属性攻撃強化,1,火竜の奥義,1,,,,
レウスβ,レウスメイルβ,6,1,0,0,13,54,74,3,1,-2,1,-3,弱点特効,2,火竜の奥義,1,,,,,,
リオソウルα,リオソウルメイルα,7,1,0,0,13,56,68,3,2,2,-3,-4,属性解放／装填拡張,1,威嚇,1,火竜の奥義,1,,,,
リオソウルβ,リオソウルメイルβ,7,2,0,0,13,56,68,3,2,2,-3,-4,属性解放／装填拡張,1,火竜の奥義,1,,,,,,
ディアブロα,ディアブロメイルα,6,0,0,0,13,54,74,3,-2,0,-3,2,ＫＯ術,2,火事場力,1,角竜の奥義,1,,,,
ディアブロβ,ディアブロメイルβ,6,2,0,0,13,54,74,3,-2,0,-3,2,ＫＯ術,2,角竜の奥義,1,,,,,,
ディアネロα,ディアネロメイルα,7,1,0,0,13,56,68,2,-3,0,-4,2,逆恨み,2,角竜の奥義,1,,,,,,
ディアネロβ,ディアネロメイルβ,7,2,1,0,13,56,68,2,-3,0,-4,2,逆恨み,1,角竜の奥義,1,,,,,,
ガンキンα,ガンキンメイルα,7,1,0,0,13,60,72,4,-3,1,-2,-2,破壊王,2,爆鎚竜の守護,1,,,,,,
ガンキンβ,ガンキンメイルβ,7,3,0,0,13,60,72,4,-3,1,-2,-2,破壊王,1,爆鎚竜の守護,1,,,,,,
バゼルα,バゼルメイルα,7,0,0,0,13,58,70,3,1,-4,-2,-2,ガード性能,2,爆破やられ耐性,2,爆鱗竜の守護,1,,,,
バゼルβ,バゼルメイルβ,7,1,1,0,13,58,70,3,1,-4,-2,-2,ガード性能,2,爆鱗竜の守護,1,,,,,,
ダマスクα,ダマスクメイルα,7,1,0,0,14,60,72,4,-2,0,0,0,集中,2,防御,2,,,,,,
ダマスクβ,ダマスクメイルβ,7,1,1,1,14,60,72,4,-2,0,0,0,集中,2,,,,,,,,
ドーベルα,ドーベルメイルα,7,1,0,0,14,60,72,-2,0,-1,-1,4,攻撃,2,キノコ大好き,1,,,,,,
ドーベルβ,ドーベルメイルβ,7,3,0,0,14,60,72,-2,0,-1,-1,4,攻撃,2,,,,,,,,
デスギアα,デスギアムスケルα,7,0,0,0,14,62,74,3,2,-2,3,-4,不屈,1,属性解放／装填拡張,1,,,,,,
デスギアβ,デスギアムスケルβ,7,3,0,0,14,62,74,3,2,-2,3,-4,不屈,1,,,,,,,,
オーグα,オーグメイルα,8,1,0,0,14,64,70,1,1,-3,1,-3,スタミナ急速回復,2,挑戦者,1,滅尽龍の飢餓,1,,,,
オーグβ,オーグメイルβ,8,2,1,0,14,64,70,1,1,-3,1,-3,スタミナ急速回復,2,滅尽龍の飢餓,1,,,,,,
カイザーα,カイザーメイルα,8,0,0,0,14,64,70,3,-3,1,-3,1,特殊射撃強化,2,力の解放,1,炎王龍の武技,1,,,,
カイザーβ,カイザーメイルβ,8,1,1,0,14,64,70,3,-3,1,-3,1,特殊射撃強化,2,炎王龍の武技,1,,,,,,
クシャナα,クシャナディールα,8,0,0,0,14,64,70,0,2,-3,4,-2,匠,2,集中,1,鋼龍の飛翔,1,,,,
クシャナβ,クシャナディールβ,8,2,0,0,14,64,70,0,2,-3,4,-2,匠,2,鋼龍の飛翔,1,,,,,,
ウルズα,ウルズメイルα,8,1,0,0,14,64,70,-4,4,1,-1,-3,回復速度,2,龍属性攻撃強化,1,屍套龍の命脈,1,,,,
ウルズβ,ウルズメイルβ,8,1,1,0,14,64,70,-4,4,1,-1,-3,回復速度,2,屍套龍の命脈,1,,,,,,
キリンα,キリンベストα,8,0,0,0,14,64,70,-3,-2,4,-2,2,精霊の加護,2,雷属性攻撃強化,1,幻獣の恩寵,1,,,,
キリンβ,キリンベストβ,8,1,0,0,14,64,70,-3,-2,4,-2,2,精霊の加護,2,幻獣の恩寵,1,,,,,,
ゼノラージα,ゼノラージハイドα,8,1,0,0,16,72,78,-3,2,2,2,-4,強化持続,2,属性やられ耐性,1,冥灯龍の神秘,1,,,,
ゼノラージβ,ゼノラージハイドβ,8,1,1,0,16,72,78,-3,2,2,2,-4,強化持続,2,冥灯龍の神秘,1,,,,,,
ギルドクロスα,ギルドクロススーツα,8,1,0,0,15,62,68,0,0,0,0,0,死中に活,1,氷耐性,2,ギルドの導き,1,,,,
ギルドクロスβ,ギルドクロススーツβ,8,3,0,0,15,62,68,0,0,0,0,0,死中に活,1,ギルドの導き,1,,,,,,
シーカーα,シーカーベストα,8,0,0,0,50,70,76,2,2,2,2,2,広域化,2,クライマー,1,調査団の導き,1,,,,
シーカーβ,シーカーベストβ,8,1,0,0,50,70,76,2,2,2,2,2,広域化,2,調査団の導き,1,,,,,,
バンギスα,バンギスメイルα,7,2,0,0,13,58,70,1,1,-3,2,-3,早食い,1,匠,1,,,,,,
バンギスβ,バンギスメイルβ,7,3,0,0,13,58,70,1,1,-3,2,-3,早食い,1,,,,,,,,
マムガイラα,マムガイラメイルα,8,1,0,0,16,72,78,4,-2,3,-4,-2,気絶耐性,2,超会心,2,,,,,,
マムガイラβ,マムガイラメイルβ,8,3,1,0,16,72,78,4,-2,3,-4,-2,気絶耐性,2,超会心,1,,,,,,
エンプレスα,エンプレスメイルα,8,1,1,0,16,70,76,3,1,1,-3,-2,フルチャージ,2,体力増強,1,炎妃龍の恩寵,1,,,,
エンプレスβ,エンプレスメイルβ,8,1,1,1,16,70,76,3,1,1,-3,-2,フルチャージ,2,炎妃龍の恩寵,1,,,,,,
ブロッサムα,ブロッサムベストα,5,1,1,0,11,40,62,1,1,4,1,1,納刀術,1,,,,,,,,
ダイバーα,ダイバースーツα,5,2,0,0,11,46,68,1,4,1,1,1,見切り,1,,,,,,,,
ハーベストα,ハーベストトロンコα,6,2,1,0,13,52,72,4,1,1,1,1,耐震,1,,,,,,,,
オリオンα,オリオンベストα,6,3,0,0,13,58,78,1,1,1,4,1,ひるみ軽減,1,,,,,,,,
フルドレスα,フルドレススーツα,7,2,1,1,14,64,76,1,1,1,1,4,抜刀術【技】,1,アステラの祝福,1,,,,,,
パピオムα,パピオムペットα,5,0,0,0,11,42,64,-1,-1,2,0,2,体力増強,2,気絶耐性,1,,,,,,
パピオムβ,パピオムペットβ,5,1,0,0,11,42,64,-1,-1,2,0,2,体力増強,2,,,,,,,,
クインビートα,クインビートペットα,5,0,0,0,11,42,64,-1,-1,2,0,2,体力増強,2,気絶耐性,1,,,,,,
クインビートβ,クインビートペットβ,5,1,0,0,11,42,64,-1,-1,2,0,2,体力増強,2,,,,,,,,
ウルズγ,ウルズメイルγ,8,3,0,0,50,72,78,-4,4,1,-1,-3,フルチャージ,1,体力回復量ＵＰ,1,屍套龍の命脈,1,,,,
キリンγ,キリンベストγ,8,1,1,0,50,72,78,-3,-2,4,-2,2,属性解放／装填拡張,2,幻獣の恩寵,1,,,,,,
カイザーγ,カイザーメイルγ,8,2,0,0,50,72,78,3,-3,1,-3,1,力の解放,2,弱点特効,1,炎王龍の武技,1,,,,
クシャナγ,クシャナディールγ,8,2,0,0,50,72,78,0,2,-3,4,-2,氷属性攻撃強化,3,回避距離ＵＰ,1,鋼龍の飛翔,1,,,,
オーグγ,オーグメイルγ,8,3,2,1,50,72,78,1,1,-3,1,-3,渾身,1,滅尽龍の飢餓,1,,,,,,
ゾラマグナγ,ゾラマグナハイドγ,8,1,1,1,50,72,78,4,-3,-1,-2,-3,耐震,2,熔山龍の奥義,1,,,,,,
ゼノラージγ,ゼノラージハイドγ,8,1,1,0,50,72,78,-3,2,2,2,-4,ひるみ軽減,2,冥灯龍の神秘,1,,,,,,
エンプレスγ,エンプレスメイルγ,8,3,0,0,50,70,76,3,1,1,-3,-2,耳栓,2,整備,1,炎妃龍の恩寵,1,,,,
マムガイラγ,マムガイラメイルγ,8,1,0,0,16,72,78,4,-2,3,-4,-2,匠,2,挑戦者,1,,,,,,
蒼星ノ将α,蒼星ノ将【鎧】α,7,2,0,0,13,56,68,2,2,0,0,3,匠,1,火竜の奥義,1,,,,,,
ダンテα,ダンテコートα,8,3,0,0,14,64,70,3,-3,3,-3,3,回避性能,1,見切り,1,,,,,,
ドラケンα,ドラケンメイルα,8,3,0,0,16,72,78,-2,-2,3,-2,4,見切り,2,超会心,1,竜騎士の証,1,,,,
オリジン,オリジンメイル,1,0,0,0,1,6,42,0,0,0,0,0,,,,,,,,,,
ガーディアンα,ガーディアンスーツα,6,0,0,0,1,50,70,2,0,0,2,3,ランナー,1,体力回復量ＵＰ,1,,,,,,
アーロイα,アーロイボディα,5,1,1,0,11,46,68,1,1,1,1,1,ランナー,2,蛮顎竜の闘志,1,,,,,,
アーロイγ,アーロイボディγ,8,1,1,0,50,64,70,1,1,1,1,1,ランナー,2,滑走強化,1,蛮顎竜の闘志,1,,,,
リュウ,リュウボディ,2,0,0,0,3,12,44,2,0,5,-3,2,体力増強,1,,,,,,,,
リュウα,リュウボディα,7,1,1,0,14,60,72,2,0,5,-3,2,体力増強,1,死中に活,1,火竜の奥義,1,,,,
さくらα,さくらボディα,6,1,1,0,13,50,70,0,4,0,4,-2,スタミナ急速回復,1,死中に活,1,桜火竜の奥義,1,,,,
ゲラルトα,ゲラルトボディα,8,1,1,0,16,70,76,2,1,-2,-1,3,体力増強,3,攻撃,2,ウィッチャーの心得,1,,,,
シリα,シリボディα,8,3,0,0,50,70,76,-2,-1,2,1,3,回避性能,2,精霊の加護,2,,,,,,
防衛隊α,防衛隊【鎧】α,6,0,0,0,1,50,70,2,0,0,2,3,ランナー,1,体力回復量ＵＰ,1,,,,,,
EXボーンα,EXボーンメイルα,9,2,0,0,M1,114,152,2,0,2,0,2,攻撃,2,体力増強,1,,,,,,
EXボーンβ,EXボーンメイルβ,9,4,1,0,M1,114,152,2,0,2,0,2,攻撃,1,,,,,,,,
EXアロイα,EXアロイメイルα,9,3,0,0,M1,114,152,-2,0,-2,-2,0,水耐性,2,防御,1,,,,,,
EXアロイβ,EXアロイメイルβ,9,4,1,0,M1,114,152,-2,0,-2,-2,0,水耐性,1,,,,,,,,
EXランゴα,EXランゴメイルα,9,2,1,0,M1,116,154,-2,1,1,1,2,風圧耐性,2,,,,,,,,
EXランゴβ,EXランゴメイルβ,9,4,1,0,M1,116,154,-2,1,1,1,2,風圧耐性,1,,,,,,,,
EXタロスα,EXタロスメイルα,9,2,1,0,M1,116,154,-1,-1,0,0,2,瘴気環境適応,1,腹減り耐性,2,,,,,,
EXタロスβ,EXタロスメイルβ,9,4,2,1,M1,116,154,-1,-1,0,0,2,瘴気環境適応,1,,,,,,,,
EXバルノスα,EXバルノスマントα,9,2,2,0,M1,116,154,1,1,0,1,-2,熱ダメージ無効,1,防御力ＤＯＷＮ耐性,2,,,,,,
EXバルノスβ,EXバルノスマントβ,9,4,2,0,M1,116,154,1,1,0,1,-2,熱ダメージ無効,1,防御力ＤＯＷＮ耐性,1,,,,,,
EXコルトスα,EXコルトスマントα,9,1,1,0,M1,116,154,-3,2,0,2,0,腹減り耐性,2,ジャンプ鉄人,1,,,,,,
EXコルトスβ,EXコルトスマントβ,9,4,0,0,M1,116,154,-3,2,0,2,0,腹減り耐性,1,ジャンプ鉄人,1,,,,,,
EXジャグラスα,EXジャグラスメイルα,9,3,0,0,M1,116,154,-2,2,-1,-1,1,回避距離ＵＰ,1,攻撃,2,,,,,,
EXジャグラスβ,EXジャグラスメイルβ,9,4,0,0,M1,116,154,-2,2,-1,-1,1,回避距離ＵＰ,1,攻撃,1,,,,,,
EXツィツィα,EXツィツィメイルα,9,1,1,0,M1,116,154,0,0,-3,-2,0,体術,2,水属性攻撃強化,2,,,,,,
EXツィツィβ,EXツィツィメイルβ,9,4,1,0,M1,116,154,0,0,-3,-2,0,体術,1,水属性攻撃強化,1,,,,,,
EXギルオスα,EXギルオスメイルα,9,2,0,0,M1,116,154,0,-3,2,0,1,麻痺耐性,2,属性解放／装填拡張,1,,,,,,
EXギルオスβ,EXギルオスメイルβ,9,4,2,0,M1,116,154,0,-3,2,0,1,麻痺耐性,2,,,,,,,,
EXガマルα,EXガマルメイルα,9,2,0,0,M1,120,158,2,0,-3,0,2,爆破属性強化,2,砲術,1,,,,,,
EXガマルβ,EXガマルメイルβ,9,4,0,0,M1,120,158,2,0,-3,0,2,爆破属性強化,2,,,,,,,,
EXクルルα,EXクルルメイルα,9,2,0,0,M1,116,154,0,-3,0,1,0,スタミナ急速回復,1,見切り,2,,,,,,
EXクルルβ,EXクルルメイルβ,9,4,0,0,M1,116,154,0,-3,0,1,0,スタミナ急速回復,1,見切り,1,,,,,,
EXプケプケα,EXプケプケメイルα,9,2,0,0,M1,118,156,0,3,-3,0,1,アイテム使用強化,2,フルチャージ,1,,,,,,
EXプケプケβ,EXプケプケメイルβ,9,4,0,0,M1,118,156,0,3,-3,0,1,アイテム使用強化,1,フルチャージ,1,,,,,,
EXプケラグーナα,EXプケラグーナメイルα,9,2,0,0,M4,132,170,0,3,-2,-3,0,強化持続,1,抜刀術【技】,1,,,,,,
EXプケラグーナβ,EXプケラグーナメイルβ,9,4,1,0,M4,132,170,0,3,-2,-3,0,強化持続,1,,,,,,,,
EXボロスα,EXボロスメイルα,9,1,1,0,M1,118,156,-3,-1,3,-1,0,スタミナ奪取,2,挑戦者,1,,,,,,
EXボロスβ,EXボロスメイルβ,9,4,1,0,M1,118,156,-3,-1,3,-1,0,スタミナ奪取,2,,,,,,,,
EXジュラα,EXジュラメイルα,9,2,0,0,M1,118,156,-1,2,-3,0,0,力の解放,1,水属性攻撃強化,2,,,,,,
EXジュラβ,EXジュラメイルβ,9,4,0,0,M1,118,156,-1,2,-3,0,0,力の解放,1,水属性攻撃強化,1,,,,,,
EXブランα,EXブランメイルα,9,3,0,0,M1,118,156,-3,0,-2,3,2,スタミナ急速回復,1,氷属性攻撃強化,2,,,,,,
EXブランβ,EXブランメイルβ,9,4,2,0,M1,118,156,-3,0,-2,3,2,スタミナ急速回復,1,,,,,,,,
EXカガチα,EXカガチメイルα,9,2,1,0,M1,120,158,0,-3,3,0,0,ジャンプ鉄人,1,体術,1,,,,,,
EXカガチβ,EXカガチメイルβ,9,4,2,0,M1,120,158,0,-3,3,0,0,ジャンプ鉄人,1,,,,,,,,
EXベニカガチα,EXベニカガチメイルα,9,1,1,0,M3,132,148,1,3,-3,-2,1,納刀術,1,回避距離ＵＰ,1,,,,,,
EXベニカガチβ,EXベニカガチメイルβ,9,4,1,0,M3,132,148,1,3,-3,-2,1,納刀術,1,,,,,,,,
EXハイメタα,EXハイメタメイルα,9,2,0,0,M1,128,166,0,-1,-2,3,0,耳栓,2,氷属性攻撃強化,1,,,,,,
EXハイメタβ,EXハイメタメイルβ,9,4,1,0,M1,128,166,0,-1,-2,3,0,耳栓,1,氷属性攻撃強化,1,,,,,,
EXバフバロα,EXバフバロメイルα,9,3,0,0,M3,130,168,-2,2,-1,3,-3,早食い,1,攻めの守勢,1,,,,,,
EXバフバロβ,EXバフバロメイルβ,9,4,1,0,M3,130,168,-2,2,-1,3,-3,早食い,1,,,,,,,,
EXジャナフα,EXジャナフメイルα,9,1,1,0,M4,132,170,3,-3,-1,-1,0,ランナー,2,特殊射撃強化,1,蛮顎竜の覇気,1,,,,
EXジャナフβ,EXジャナフメイルβ,9,4,1,0,M4,132,170,3,-3,-1,-1,0,ランナー,1,特殊射撃強化,1,蛮顎竜の覇気,1,,,,
EXジャナールα,EXジャナールメイルα,11,3,0,0,M13,146,170,-1,-1,2,-3,0,ひるみ軽減,1,気絶耐性,2,蛮顎竜の覇気,1,,,,
EXジャナールβ,EXジャナールメイルβ,11,4,0,0,M13,146,170,-1,-1,2,-3,0,ひるみ軽減,1,気絶耐性,1,蛮顎竜の覇気,1,,,,
EXレイアα,EXレイアメイルα,9,2,2,0,M4,130,168,2,0,-2,0,-3,植生学,2,体力回復量ＵＰ,1,雌火竜の真髄,1,,,,
EXレイアβ,EXレイアメイルβ,9,4,2,0,M4,130,168,2,0,-2,0,-3,植生学,1,体力回復量ＵＰ,1,雌火竜の真髄,1,,,,
EXリオハートα,EXリオハートメイルα,9,2,0,0,M6,132,170,3,0,-3,0,-4,整備,2,匠,1,雌火竜の真髄,1,,,,
EXリオハートβ,EXリオハートメイルβ,9,4,1,1,M6,132,170,3,0,-3,0,-4,整備,2,雌火竜の真髄,1,,,,,,
EXウルムーα,EXウルムーメイルα,9,3,1,0,M4,130,168,-3,2,0,1,0,乗り名人,1,砲術,1,,,,,,
EXウルムーβ,EXウルムーメイルβ,9,4,1,0,M4,130,168,-3,2,0,1,0,乗り名人,1,,,,,,,,
EXウルムメアα,EXウルムメアメイルα,9,2,0,0,M4,132,170,-3,-3,2,1,1,広域化,2,渾身,1,,,,,,
EXウルムメアβ,EXウルムメアメイルβ,9,4,1,0,M4,132,170,-3,-3,2,1,1,広域化,2,,,,,,,,
EXバルキンα,EXバルキンメイルα,9,3,0,0,M4,134,172,0,2,0,-1,-2,睡眠属性強化,1,裂傷耐性,1,,,,,,
EXバルキンβ,EXバルキンメイルβ,9,4,0,0,M4,134,172,0,2,0,-1,-2,睡眠属性強化,1,,,,,,,,
EXアーティアα,EXアーティアメイルα,10,1,0,0,,142,174,1,-2,-2,2,3,見切り,3,フルチャージ,1,太古の神秘,1,,,,
EXアーティアβ,EXアーティアメイルβ,10,4,0,0,,142,174,1,-2,-2,2,3,見切り,2,フルチャージ,1,太古の神秘,1,,,,
EXアークロックα,EXアークロックメイルα,10,1,1,0,,142,174,2,2,2,-1,-1,挑戦者,2,特殊射撃強化,1,調査団の錬金術,1,,,,
EXアークロックβ,EXアークロックメイルβ,10,4,1,0,,142,174,2,2,2,-1,-1,挑戦者,2,調査団の錬金術,1,,,,,,
EXインゴットα,EXインゴットメイルα,10,3,0,0,M6,136,168,-2,0,3,-1,0,雷耐性,2,属性解放／装填拡張,1,,,,,,
EXインゴットβ,EXインゴットメイルβ,10,4,0,0,M6,136,168,-2,0,3,-1,0,雷耐性,1,属性解放／装填拡張,1,,,,,,
EXベリオα,EXベリオメイルα,10,3,0,0,M6,138,170,-3,2,-2,3,0,強化持続,1,体術,1,氷牙竜の秘技,1,,,,
EXベリオβ,EXベリオメイルβ,10,4,1,0,M6,138,170,-3,2,-2,3,0,強化持続,1,氷牙竜の秘技,1,,,,,,
EXレウスα,EXレウスメイルα,10,1,1,0,M7,140,172,3,1,-2,1,-3,弱点特効,2,火属性攻撃強化,1,火竜の真髄,1,,,,
EXレウスβ,EXレウスメイルβ,10,4,0,0,M7,140,172,3,1,-2,1,-3,弱点特効,2,火竜の真髄,1,,,,,,
EXリオソウルα,EXリオソウルメイルα,11,2,0,0,M13,148,172,3,2,2,-3,-4,属性解放／装填拡張,1,破壊王,1,火竜の真髄,1,,,,
EXリオソウルβ,EXリオソウルメイルβ,11,4,1,0,M13,148,172,3,2,2,-3,-4,属性解放／装填拡張,1,火竜の真髄,1,,,,,,
EXディアブロα,EXディアブロメイルα,10,2,0,0,M7,140,180,3,-2,0,-3,2,ＫＯ術,2,火事場力,2,角竜の覇気,1,,,,
EXディアブロβ,EXディアブロメイルβ,10,4,1,0,M7,140,180,3,-2,0,-3,2,ＫＯ術,2,火事場力,1,角竜の覇気,1,,,,
EXディアネロα,EXディアネロメイルα,11,2,0,0,M13,148,172,2,-3,0,-4,2,逆恨み,2,ランナー,1,角竜の覇気,1,,,,
EXディアネロβ,EXディアネロメイルβ,11,4,1,0,M13,148,172,2,-3,0,-4,2,逆恨み,1,ランナー,1,角竜の覇気,1,,,,
EXギエナα,EXギエナメイルα,10,1,0,0,M7,140,170,-1,2,-3,3,0,回避性能,2,精霊の加護,2,風漂竜の覇気,1,,,,
EXギエナβ,EXギエナメイルβ,10,4,0,0,M7,140,170,-1,2,-3,3,0,回避性能,2,精霊の加護,1,風漂竜の覇気,1,,,,
EXブリーナα,EXブリーナメイルα,11,1,1,0,M12,146,170,-3,2,-1,3,0,集中,2,ランナー,1,風漂竜の覇気,1,,,,
EXブリーナβ,EXブリーナメイルβ,11,4,0,0,M12,146,170,-3,2,-1,3,0,集中,2,風漂竜の覇気,1,,,,,,
EXガロンα,EXガロンメイルα,10,3,0,0,M7,140,172,2,2,-2,-3,0,砥石使用高速化,2,裂傷耐性,1,惨爪竜の真髄,1,,,,
EXガロンβ,EXガロンメイルβ,10,4,1,0,M7,140,172,2,2,-2,-3,0,砥石使用高速化,2,惨爪竜の真髄,1,,,,,,
EXデスガロンα,EXデスガロンメイルα,11,2,0,0,M14,148,172,-2,-3,-2,-2,4,見切り,3,龍耐性,2,惨爪竜の真髄,1,,,,
EXデスガロンβ,EXデスガロンメイルβ,11,4,1,0,M14,148,172,-2,-3,-2,-2,4,見切り,2,龍耐性,1,惨爪竜の真髄,1,,,,
EXラヴァα,EXラヴァメイルα,10,1,1,0,M7,140,172,3,-3,1,-2,2,火属性攻撃強化,3,熱ダメージ無効,1,,,,,,
EXラヴァβ,EXラヴァメイルβ,10,4,1,0,M7,140,172,3,-3,1,-2,2,火属性攻撃強化,2,熱ダメージ無効,1,,,,,,
EXガンキンα,EXガンキンメイルα,10,3,0,0,M7,144,176,4,-3,1,-2,-2,破壊王,2,爆破やられ耐性,1,爆鎚竜の覇気,1,,,,
EXガンキンβ,EXガンキンメイルβ,10,4,0,0,M7,144,176,4,-3,1,-2,-2,破壊王,2,爆鎚竜の覇気,1,,,,,,
EXナルガα,EXナルガメイルα,10,2,0,0,M7,140,172,-2,2,-3,0,0,回避性能,2,しゃがみ移動速度ＵＰ,1,迅竜の真髄,1,,,,
EXナルガβ,EXナルガメイルβ,10,4,0,0,M7,140,172,-2,2,-3,0,0,回避性能,2,迅竜の真髄,1,,,,,,
EXディノα,EXディノメイルα,10,1,0,0,M7,142,174,3,-3,1,-1,-1,強化持続,2,渾身,1,斬竜の真髄,1,,,,
EXディノβ,EXディノメイルβ,10,4,0,0,M7,142,174,3,-3,1,-1,-1,強化持続,1,渾身,1,斬竜の真髄,1,,,,
EXディノイエロα,EXディノイエロメイルα,11,1,0,0,M14,150,174,-3,2,-1,2,-1,匠,2,スタミナ急速回復,1,斬竜の真髄,1,,,,
EXディノイエロβ,EXディノイエロメイルβ,11,4,1,0,M14,150,174,-3,2,-1,2,-1,匠,1,スタミナ急速回復,1,斬竜の真髄,1,,,,
EXブラキα,EXブラキメイルα,10,1,0,0,M9,142,174,3,-2,1,-3,1,スタミナ奪取,2,挑戦者,1,砕竜の真髄,1,,,,
EXブラキβ,EXブラキメイルβ,10,4,0,0,M9,142,174,3,-2,1,-3,1,スタミナ奪取,1,挑戦者,1,砕竜の真髄,1,,,,
EXレックスα,EXレックスメイルα,10,2,0,0,M9,142,174,2,0,-3,0,-2,耳栓,2,満足感,1,轟竜の真髄,1,,,,
EXレックスβ,EXレックスメイルβ,10,4,1,0,M9,142,174,2,0,-3,0,-2,耳栓,2,轟竜の真髄,1,,,,,,
EXレックスロアα,EXレックスロアメイルα,11,3,0,0,M70,156,182,3,-4,-2,0,0,攻撃,3,弱点特効,1,轟竜の真髄,1,,,,
EXレックスロアβ,EXレックスロアメイルβ,11,4,1,0,M70,156,182,3,-4,-2,0,0,攻撃,2,弱点特効,1,轟竜の真髄,1,,,,
EXクロオビα,EXクロオビメイルα,11,1,1,1,,150,174,1,1,1,1,2,キノコ大好き,2,広域化,1,教官の導き,1,,,,
EXクロオビβ,EXクロオビメイルβ,11,4,1,1,,150,174,1,1,1,1,2,キノコ大好き,2,教官の導き,1,,,,,,
EXドーベルα,EXドーベルメイルα,11,1,1,1,M17,152,176,-2,0,-1,-1,4,攻撃,2,瘴気耐性,1,,,,,,
EXドーベルβ,EXドーベルメイルβ,11,4,1,1,M17,152,176,-2,0,-1,-1,4,攻撃,1,瘴気耐性,1,,,,,,
EXダマスクα,EXダマスクメイルα,11,3,1,0,M17,152,176,4,-2,0,0,0,集中,2,防御,2,,,,,,
EXダマスクβ,EXダマスクメイルβ,11,4,2,1,M17,152,176,4,-2,0,0,0,集中,2,,,,,,,,
EXプライドα,EXプライドメイルα,11,1,1,0,M18,154,178,3,1,-2,-4,-2,ガード性能,2,爆破やられ耐性,2,爆鱗竜の覇気,1,,,,
EXプライドβ,EXプライドメイルβ,11,4,1,1,M18,154,178,3,1,-2,-4,-2,ガード性能,2,爆鱗竜の覇気,1,,,,,,
EXグリードα,EXグリードメイルα,11,2,0,0,M21,156,180,2,1,-3,1,-3,早食い,1,匠,2,恐暴竜の真髄,1,,,,
EXグリードβ,EXグリードメイルβ,11,4,2,2,M21,156,180,2,1,-3,1,-3,早食い,1,恐暴竜の真髄,1,,,,,,
EXラヴィーナα,EXラヴィーナメイルα,12,1,0,0,M17,154,178,-3,2,-1,4,-1,納刀術,2,抜刀術【技】,1,冰龍の神秘,1,,,,
EXラヴィーナβ,EXラヴィーナメイルβ,12,4,1,0,M17,154,178,-3,2,-1,4,-1,納刀術,2,冰龍の神秘,1,,,,,,
EXヴァルファーα,EXヴァルファーメイルα,12,3,1,0,M19,156,180,-2,4,1,1,-3,回復速度,2,龍属性攻撃強化,2,屍套龍の霊脈,1,,,,
EXヴァルファーβ,EXヴァルファーメイルβ,12,4,2,0,M19,156,180,-2,4,1,1,-3,回復速度,2,龍属性攻撃強化,1,屍套龍の霊脈,1,,,,
EXカイザーα,EXカイザーメイルα,12,2,1,0,M19,156,180,3,-3,1,-3,1,力の解放,1,特殊射撃強化,2,炎王龍の武技,1,,,,
EXカイザーβ,EXカイザーメイルβ,12,4,1,1,M19,156,180,3,-3,1,-3,1,力の解放,1,炎王龍の武技,1,,,,,,
EXクシャナα,EXクシャナディールα,12,1,0,0,M19,156,180,0,2,-3,4,-2,匠,3,鋼龍の飛翔,1,,,,,,
EXクシャナβ,EXクシャナディールβ,12,4,2,0,M19,156,180,0,2,-3,4,-2,匠,2,鋼龍の飛翔,1,,,,,,
EXキリンα,EXキリンベストα,12,3,2,0,M19,154,172,-3,-2,4,-2,2,見切り,3,精霊の加護,1,幻獣の神秘,1,,,,
EXキリンβ,EXキリンベストβ,12,4,2,0,M19,154,172,-3,-2,4,-2,2,見切り,2,精霊の加護,1,幻獣の神秘,1,,,,
EXテンタクルα,EXテンタクルメイルα,12,2,2,0,M20,158,176,-3,4,3,0,-2,属性やられ耐性,2,整備,1,溟龍の神秘,1,,,,
EXテンタクルβ,EXテンタクルメイルβ,12,4,2,0,M20,158,176,-3,4,3,0,-2,属性やられ耐性,1,整備,1,溟龍の神秘,1,,,,
EXギルドパレスα,EXギルドパレスメイルα,11,1,1,0,M70,154,178,1,2,2,1,1,挑戦者,2,火事場力,1,ギルドの見識,1,,,,
EXギルドパレスβ,EXギルドパレスメイルβ,11,4,2,0,M70,154,178,1,2,2,1,1,挑戦者,1,火事場力,1,ギルドの見識,1,,,,
EXアンガルダα,EXアンガルダメイルα,12,3,2,0,M23,162,180,0,-2,3,-3,0,災禍転福,2,体力増強,1,地啼龍の神秘,1,,,,
EXアンガルダβ,EXアンガルダメイルβ,12,4,2,0,M23,162,180,0,-2,3,-3,0,災禍転福,2,地啼龍の神秘,1,,,,,,
EXゾラマグナα,EXゾラマグナハイドα,12,3,1,0,M24,160,178,4,-3,-1,-2,-3,耐震,2,砲術,2,熔山龍の真髄,1,,,,
EXゾラマグナβ,EXゾラマグナハイドβ,12,4,2,0,M24,160,178,4,-3,-1,-2,-3,耐震,2,熔山龍の真髄,1,,,,,,
EXガルルガα,EXガルルガメイルα,11,1,0,0,M24,154,178,2,-3,2,-2,-2,耳栓,2,見切り,2,,,,,,
EXガルルガβ,EXガルルガメイルβ,11,4,0,0,M24,154,178,2,-3,2,-2,-2,耳栓,1,見切り,2,,,,,,
EXジンオウα,EXジンオウメイルα,11,3,0,0,M24,158,182,-1,-1,4,-4,1,力の解放,3,通常弾・通常矢強化,1,雷狼竜の真髄,1,,,,
EXジンオウβ,EXジンオウメイルβ,11,4,0,0,M24,158,182,-1,-1,4,-4,1,力の解放,3,雷狼竜の真髄,1,,,,,,
EXギルドワークα,EXギルドワークボディα,12,3,1,1,M24,162,180,2,1,1,2,2,クライマー,1,ひるみ軽減,1,ギルドの見識,1,,,,
EXギルドワークβ,EXギルドワークボディβ,12,4,2,2,M24,162,180,2,1,1,2,2,クライマー,1,ギルドの見識,1,,,,,,
EXゴールドルナα,EXゴールドルナメイルα,12,3,1,0,M70,162,180,3,-2,-4,0,4,精霊の加護,2,逆恨み,1,金火竜の真髄,1,,,,
EXゴールドルナβ,EXゴールドルナメイルβ,12,4,2,1,M70,162,180,3,-2,-4,0,4,精霊の加護,2,金火竜の真髄,1,,,,,,
EXシルバーソルα,EXシルバーソルメイルα,12,1,0,0,M70,162,180,4,-3,-2,-2,3,超会心,2,火属性攻撃強化,2,銀火竜の真髄,1,,,,
EXシルバーソルβ,EXシルバーソルメイルβ,12,4,0,0,M70,162,180,4,-3,-2,-2,3,超会心,2,銀火竜の真髄,1,,,,,,
EXエンプレスα,EXエンプレスメイルα,12,2,0,0,M50,164,182,3,1,1,-3,-2,フルチャージ,2,広域化,2,炎妃龍の真髄,1,,,,
EXエンプレスβ,EXエンプレスメイルβ,12,4,1,0,M50,164,182,3,1,1,-3,-2,フルチャージ,1,広域化,2,炎妃龍の真髄,1,,,,
EXゾークα,EXゾークメイルα,12,2,2,0,M100,166,184,1,1,-3,1,-3,スタミナ急速回復,2,渾身,1,滅尽龍の覇気,1,,,,
EXゾークβ,EXゾークメイルβ,12,4,2,0,M100,166,184,1,1,-3,1,-3,スタミナ急速回復,2,滅尽龍の覇気,1,,,,,,
EX金色α,EX金色ノ羽織α,11,3,1,0,M24,158,182,2,0,3,-5,2,逆恨み,2,砥石使用高速化,2,金獅子の怒気,1,,,,
EX金色β,EX金色ノ羽織β,11,4,1,1,M24,158,182,2,0,3,-5,2,逆恨み,2,金獅子の怒気,1,,,,,,
EX斉天α,EX斉天ノ衣α,12,1,0,0,M24,170,188,2,0,3,-5,2,渾身,3,耳栓,2,金獅子の闘志,1,,,,
EX斉天β,EX斉天ノ衣β,12,4,2,0,M24,170,188,2,0,3,-5,2,渾身,3,金獅子の闘志,1,,,,,,
EXゴクオウα,EXゴクオウメイルα,11,2,0,0,M24,160,184,2,-4,-5,0,4,風圧耐性,3,ひるみ軽減,2,雷狼竜の真髄,1,,,,
EXゴクオウβ,EXゴクオウメイルβ,11,4,0,0,M24,160,184,2,-4,-5,0,4,風圧耐性,3,ひるみ軽減,1,雷狼竜の真髄,1,,,,
EX龍紋α,EX龍紋ヲ刻マレシ封鎧α,12,3,2,0,M24,168,186,2,1,1,1,-1,属性やられ耐性,2,超会心,1,赤龍の封印,1,,,,
EX龍紋β,EX龍紋ヲ刻マレシ封鎧β,12,4,2,0,M24,168,186,2,1,1,1,-1,属性やられ耐性,1,超会心,1,赤龍の封印,1,,,,
EXブラキウムα,EXブラキウムメイルα,12,2,1,1,M24,170,188,3,-2,1,-3,1,挑戦者,2,爆破属性強化,3,砕竜の闘志,1,,,,
EXブラキウムβ,EXブラキウムメイルβ,12,4,2,1,M24,170,188,3,-2,1,-3,1,挑戦者,2,砕竜の闘志,1,,,,,,
EXオルムングα,EXオルムングメイルα,11,3,2,0,M24,162,186,-3,2,-2,3,0,攻撃,3,抜刀術【技】,1,氷牙竜の絶技,1,,,,
EXオルムングβ,EXオルムングメイルβ,11,4,2,0,M24,162,186,-3,2,-2,3,0,攻撃,3,氷牙竜の絶技,1,,,,,,
EXエスカドラα,EXエスカドラソウルα,12,2,1,1,M24,160,178,3,0,0,3,2,体力増強,3,逆恨み,2,煌黒龍の神秘,1,,,,
EXエスカドラβ,EXエスカドラソウルβ,12,4,1,1,M24,160,178,3,0,0,3,2,体力増強,3,逆恨み,1,煌黒龍の神秘,1,,,,
EXドラゴンα,EXドラゴンハイドα,12,4,4,3,M24,180,198,-1,2,2,0,-4,弱点特効,1,回避性能,2,黒龍の伝説,1,,,,
EXドラゴンβ,EXドラゴンハイドβ,12,4,4,4,M24,180,198,-1,2,2,0,-4,弱点特効,1,回避性能,1,黒龍の伝説,1,,,,
EXマムガイラα,EXマムガイラメイルα,12,3,3,0,M24,176,194,4,-2,3,-2,-4,早食い,3,満足感,1,爛輝龍の真髄,1,,,,
EXマムガイラβ,EXマムガイラメイルβ,12,4,3,0,M24,176,194,4,-2,3,-2,-4,早食い,3,爛輝龍の真髄,1,,,,,,
EXテンタクルγ,EXテンタクルメイルγ,12,4,0,0,M100,176,194,-3,4,3,0,-2,回避性能,4,水属性攻撃強化,2,溟龍の神秘,1,,,,
EXラヴィーナγ,EXラヴィーナメイルγ,12,4,2,1,M100,180,198,-3,2,-1,4,-1,抜刀術【技】,3,氷属性攻撃強化,3,冰龍の神秘,1,,,,
EXウーロンα,EXウーロンベストα,9,4,0,0,M1,120,158,1,1,1,4,1,スタミナ急速回復,2,万福の祝福,1,,,,,,
EXアストラα,EXアストラクロスα,9,1,0,0,M1,140,178,2,2,2,2,2,超会心,2,大感謝の祝福,1,,,,,,
EXローゼα,EXローゼスーツα,10,4,0,0,M9,150,182,4,1,1,1,1,攻撃,3,満開の祝福,1,,,,,,
EXパッションα,EXパッションボディα,10,4,1,0,M12,156,188,1,4,1,1,1,採集の達人,1,剥ぎ取り鉄人,1,情熱の祝福,1,,,,
EX魔界ノ主α,EX魔界ノ主【外套】α,11,2,2,0,M11,162,186,1,1,4,1,1,属性やられ耐性,3,ホラーナイトの祝福,1,,,,,,
EX蒼世ノ侍α,EX蒼世ノ侍【羽織】α,12,4,0,0,M18,170,188,2,2,0,0,3,体術,2,集中,1,銀火竜の真髄,1,,,,
EXバヌークα,EXバヌークメイルα,12,4,3,0,M24,160,178,2,0,2,2,2,ランナー,1,スタミナ急速回復,1,蛮顎竜の覇気,1,,,,
EXマッスルα,EXマッスルボディα,11,1,1,1,M24,154,178,2,-1,0,-1,-3,挑戦者,3,不屈,1,,,,,,
EXアルテミスα,EXアルテミスメイルα,11,1,1,0,M1,140,164,2,2,1,1,2,耳栓,2,体力回復量ＵＰ,1,New World,1,,,,
EXレオンα,EXレオンボディα,12,1,1,0,M20,150,168,3,2,2,3,0,挑戦者,2,弱点特効,1,サバイバー,1,,,,
EXクレアα,EXクレアボディα,12,1,1,0,M20,150,168,3,2,2,3,0,挑戦者,2,回避性能,2,サバイバー,1,,,,
EXシールドウィーバー,EXシールドウィーバー・胴,12,4,2,1,M24,132,150,-1,-1,3,-1,2,雷属性攻撃強化,3,動力源,1,,,,,,