シリーズ名,名前,レア度,スロット1,スロット2,スロット3,入手時期,初期防御力,最終防御力,火耐性,水耐性,雷耐性,氷耐性,龍耐性,スキル系統1,スキル値1,スキル系統2,スキル値2,スキル系統3,スキル値3,スキル系統4,スキル値4,スキル系統5,スキル値5
レザー,レザーヘッド,1,0,0,0,1,2,38,2,0,0,0,0,腹減り耐性,1,,,,,,,,
チェーン,チェーンヘッド,1,0,0,0,1,2,38,0,2,0,0,0,採集の達人,1,,,,,,,,
ハンター,ハンターヘルム,1,0,0,0,1,6,42,2,2,0,0,0,導蟲反応距離ＵＰ,1,,,,,,,,
ボーン,ボーンヘルム,1,0,0,0,1,6,42,2,0,2,0,2,体力増強,1,,,,,,,,
ランゴ,ランゴヘルム,1,0,0,0,3,8,44,-2,1,1,1,2,納刀術,1,,,,,,,,
ジャグラス,ジャグラスヘルム,1,0,0,0,2,8,44,-2,2,-1,-1,1,早食い,1,,,,,,,,
クルル,クルルヘルム,1,0,0,0,2,10,46,0,-3,0,1,0,火耐性,1,,,,,,,,
アロイ,アロイヘルム,2,0,0,0,3,8,40,-2,1,-2,-2,1,風圧耐性,1,,,,,,,,
プケプケ,プケプケヘルム,2,0,0,0,2,12,44,0,3,-3,0,1,環境利用の知識,1,,,,,,,,
ボロス,ボロスヘルム,2,0,0,0,3,14,38,-3,-1,3,-1,0,ガード性能,1,,,,,,,,
ジュラ,ジュラヘルム,2,0,0,0,3,14,46,-1,2,-3,0,0,水場・深雪適応,1,,,,,,,,
カガチ,カガチヘルム,2,0,0,0,4,16,48,0,-3,3,0,0,体術,1,,,,,,,,
ハイメタ,ハイメタヘルム,3,0,0,0,6,18,46,0,-1,-2,3,0,氷耐性,1,,,,,,,,
オウビート,オウビートテスタ,3,0,0,0,6,22,50,-1,-1,2,0,2,回避性能,1,,,,,,,,
パピメル,パピメルテスタ,3,0,0,0,6,22,50,-1,-1,2,0,2,回避性能,1,,,,,,,,
シャム,シャムゴーグル,3,0,0,0,6,22,50,2,2,0,-3,0,感知,1,,,,,,,,
タロス,タロスヘルム,3,0,0,0,8,18,46,-1,-1,0,0,2,こやし名人,1,,,,,,,,
ジャナフ,ジャナフヘルム,3,0,0,0,5,20,48,3,-3,-1,-1,0,火属性攻撃強化,1,蛮顎竜の力,1,,,,,,
レイア,レイアヘルム,3,0,0,0,5,22,50,2,0,-2,0,-3,体力増強,1,,,,,,,,
ツィツィ,ツィツィヘルム,3,0,0,0,6,18,46,0,0,-3,-2,0,閃光強化,1,,,,,,,,
ウルムー,ウルムーヘルム,3,0,0,0,6,20,48,-3,2,0,1,0,スタミナ急速回復,1,,,,,,,,
ギルオス,ギルオスヘルム,3,0,0,0,8,20,48,0,-3,2,0,1,笛吹き名人,1,,,,,,,,
バルキン,バルキンヘルム,3,0,0,0,8,24,52,0,2,0,-1,-2,ＫＯ術,1,,,,,,,,
インゴット,インゴットヘルム,4,0,0,0,8,28,52,-2,0,3,-1,0,雷属性攻撃強化,1,,,,,,,,
デスギア,デスギアゲヒル,4,0,0,0,8,32,56,3,2,-2,3,-4,死中に活,1,,,,,,,,
ブリゲイド,ブリゲイドロポス,4,0,0,0,8,28,52,1,0,2,0,2,回復速度,1,,,,,,,,
ギエナ,ギエナヘルム,4,0,0,0,8,30,54,-1,2,-3,3,0,精霊の加護,1,風漂竜の恩恵,1,,,,,,
ガロン,ガロンヘルム,4,0,0,0,8,30,54,2,2,-2,-3,0,裂傷耐性,1,惨爪竜の力,1,,,,,,
レウス,レウスヘルム,4,0,0,0,8,30,54,3,1,-2,1,-3,攻撃,1,火竜の力,1,,,,,,
ディアブロ,ディアブロヘルム,4,0,0,0,8,32,56,3,-2,0,-3,2,抜刀術【技】,1,角竜の力,1,,,,,,
キリン,キリンホーン,4,0,0,0,8,34,58,-3,-2,4,-2,2,ランナー,1,幻獣の恩恵,1,,,,,,
ブロッサム,ブロッサムヘッド,3,0,0,0,3,18,46,1,1,4,1,1,ハニーハンター,1,,,,,,,,
ダイバー,ダイバーシュノ,3,0,0,0,6,22,50,1,4,1,1,1,ランナー,1,,,,,,,,
ハーベスト,ハーベストフロール,3,0,0,0,6,26,54,4,1,1,1,1,集中,1,,,,,,,,
オリオン,オリオンヘッド,4,0,0,0,8,30,54,1,1,1,4,1,体力回復量ＵＰ,1,,,,,,,,
フルドレス,フルドレスハット,4,0,0,0,8,34,58,1,1,1,1,4,超会心,1,アステラの祝福,1,,,,,,
パピオム,パピオムテスタ,3,0,0,0,4,22,50,-1,-1,2,0,2,気絶耐性,1,,,,,,,,
クインビート,クインビートテスタ,3,0,0,0,4,22,50,-1,-1,2,0,2,気絶耐性,1,,,,,,,,
レザーα,レザーヘッドα,5,0,0,0,11,32,54,2,0,0,0,0,腹減り耐性,2,,,,,,,,
レザーβ,レザーヘッドβ,5,1,0,0,11,32,54,2,0,0,0,0,腹減り耐性,1,,,,,,,,
チェーンα,チェーンヘッドα,5,0,0,0,11,32,54,0,2,0,0,0,採集の達人,1,ガード性能,1,,,,,,
チェーンβ,チェーンヘッドβ,5,1,0,0,11,32,54,0,2,0,0,0,採集の達人,1,,,,,,,,
ハンターα,ハンターヘルムα,5,0,0,0,11,36,58,2,2,0,0,0,導蟲反応距離ＵＰ,1,研究者,1,,,,,,
ハンターβ,ハンターヘルムβ,5,1,0,0,11,36,58,2,2,0,0,0,導蟲反応距離ＵＰ,1,,,,,,,,
ボーンα,ボーンヘルムα,5,0,0,0,11,36,58,2,0,2,0,2,体力増強,1,昆虫標本の達人,1,,,,,,
ボーンβ,ボーンヘルムβ,5,1,0,0,11,36,58,2,0,2,0,2,体力増強,1,,,,,,,,
アロイα,アロイヘルムα,5,0,0,0,11,36,58,-2,0,-2,-2,0,風圧耐性,1,防御,1,,,,,,
アロイβ,アロイヘルムβ,5,1,0,0,11,36,58,-2,0,-2,-2,0,風圧耐性,1,,,,,,,,
オウビートα,オウビートテスタα,5,0,0,0,11,42,64,-1,-1,2,0,2,回避性能,2,植生学,1,,,,,,
オウビートβ,オウビートテスタβ,5,1,0,0,11,42,64,-1,-1,2,0,2,回避性能,2,,,,,,,,
パピメルα,パピメルテスタα,5,0,0,0,11,42,64,-1,-1,2,0,2,回避性能,2,植生学,1,,,,,,
パピメルβ,パピメルテスタβ,5,1,0,0,11,42,64,-1,-1,2,0,2,回避性能,2,,,,,,,,
ランゴα,ランゴヘルムα,5,0,0,0,11,38,60,-2,1,1,1,2,納刀術,1,麻痺属性強化,1,,,,,,
ランゴβ,ランゴヘルムβ,5,1,0,0,11,38,60,-2,1,1,1,2,納刀術,1,,,,,,,,
タロスα,タロスヘルムα,5,0,0,0,11,38,60,-1,-1,0,0,2,こやし名人,1,龍属性攻撃強化,1,,,,,,
タロスβ,タロスヘルムβ,5,1,0,0,11,38,60,-1,-1,0,0,2,こやし名人,1,,,,,,,,
モスα,モスフェイクα,5,0,0,0,11,40,62,2,2,2,2,2,キノコ大好き,2,,,,,,,,
シャムα,シャムゴーグルα,5,0,0,0,11,40,62,2,2,0,-3,0,感知,1,地質学,1,,,,,,
シャムβ,シャムゴーグルβ,5,1,0,0,11,40,62,2,2,0,-3,0,感知,1,,,,,,,,
ジャグラスα,ジャグラスヘルムα,5,0,0,0,11,40,62,-2,2,-1,-1,1,早食い,2,,,,,,,,
ジャグラスβ,ジャグラスヘルムβ,5,1,0,0,11,40,62,-2,2,-1,-1,1,早食い,1,,,,,,,,
クルルα,クルルヘルムα,5,0,0,0,11,40,62,0,-3,0,1,0,火耐性,1,弱点特効,1,,,,,,
クルルβ,クルルヘルムβ,5,1,1,0,11,40,62,0,-3,0,1,0,火耐性,1,,,,,,,,
ツィツィα,ツィツィヘルムα,5,0,0,0,11,40,62,0,0,-3,-2,0,閃光強化,1,気絶耐性,1,,,,,,
ツィツィβ,ツィツィヘルムβ,5,1,0,0,11,40,62,0,0,-3,-2,0,閃光強化,1,,,,,,,,
ギルオスα,ギルオスヘルムα,5,0,0,0,11,40,62,0,-3,2,0,1,笛吹き名人,1,麻痺耐性,1,,,,,,
ギルオスβ,ギルオスヘルムβ,5,1,0,0,11,40,62,0,-3,2,0,1,笛吹き名人,1,,,,,,,,
プケプケα,プケプケヘルムα,5,0,0,0,11,42,64,0,3,-3,0,1,環境利用の知識,2,,,,,,,,
プケプケβ,プケプケヘルムβ,5,1,1,0,11,42,64,0,3,-3,0,1,環境利用の知識,1,,,,,,,,
ボロスα,ボロスヘルムα,5,0,0,0,11,42,64,-3,-1,3,-1,0,ガード性能,2,,,,,,,,
ボロスβ,ボロスヘルムβ,5,1,0,0,11,42,64,-3,-1,3,-1,0,ガード性能,1,,,,,,,,
ジャナフα,ジャナフヘルムα,5,0,0,0,11,44,66,3,-3,-1,-1,0,火属性攻撃強化,2,火耐性,1,蛮顎竜の闘志,1,,,,
ジャナフβ,ジャナフヘルムβ,5,2,0,0,11,44,66,3,-3,-1,-1,0,火属性攻撃強化,2,蛮顎竜の闘志,1,,,,,,
ジュラα,ジュラヘルムα,5,0,0,0,11,44,66,-1,2,-3,0,0,水場・深雪適応,2,,,,,,,,
ジュラβ,ジュラヘルムβ,5,1,0,0,11,44,66,-1,2,-3,0,0,水場・深雪適応,1,,,,,,,,
カガチα,カガチヘルムα,5,0,0,0,11,44,66,0,-3,3,0,0,体術,2,,,,,,,,
カガチβ,カガチヘルムβ,5,2,0,0,11,44,66,0,-3,3,0,0,体術,1,,,,,,,,
ウルムーα,ウルムーヘルムα,5,0,0,0,11,44,66,-3,2,0,1,0,スタミナ急速回復,2,,,,,,,,
ウルムーβ,ウルムーヘルムβ,5,2,0,0,11,44,66,-3,2,0,1,0,スタミナ急速回復,1,,,,,,,,
レイアα,レイアヘルムα,5,0,0,0,11,46,68,2,0,-2,0,-3,体力増強,2,毒属性強化,1,,,,,,
レイアβ,レイアヘルムβ,5,1,0,0,11,46,68,2,0,-2,0,-3,体力増強,1,毒属性強化,1,,,,,,
リオハートα,リオハートヘルムα,6,0,0,0,13,52,72,3,0,-3,0,-4,回避距離ＵＰ,1,毒属性強化,1,桜火竜の奥義,1,,,,
リオハートβ,リオハートヘルムβ,6,2,0,0,13,52,72,3,0,-3,0,-4,回避距離ＵＰ,1,桜火竜の奥義,1,,,,,,
バルキンα,バルキンヘルムα,6,0,0,0,11,46,66,0,2,0,-1,-2,耐震,2,,,,,,,,
バルキンβ,バルキンヘルムβ,6,2,0,0,11,46,66,0,2,0,-1,-2,耐震,1,,,,,,,,
ガストα,ガストホーンα,5,0,0,0,13,48,70,3,0,0,0,0,ひるみ軽減,1,爆破やられ耐性,1,,,,,,
ガストβ,ガストホーンβ,5,1,0,0,13,48,70,3,0,0,0,0,ひるみ軽減,1,,,,,,,,
ガマルα,ガマルヘルムα,5,0,0,0,13,48,70,2,0,-3,0,2,爆破やられ耐性,2,,,,,,,,
ガマルβ,ガマルヘルムβ,5,1,0,0,13,48,70,2,0,-3,0,2,爆破やられ耐性,1,,,,,,,,
ゾラマグナα,ゾラマグナヘッドα,6,0,0,0,11,44,64,4,-3,-1,-2,-3,匠,1,爆破属性強化,1,熔山龍の奥義,1,,,,
ゾラマグナβ,ゾラマグナヘッドβ,6,1,0,0,11,44,64,4,-3,-1,-2,-3,匠,1,熔山龍の奥義,1,,,,,,
ハイメタα,ハイメタヘルムα,6,0,0,0,13,50,70,0,-1,-2,3,0,氷耐性,2,耳栓,1,,,,,,
ハイメタβ,ハイメタヘルムβ,6,2,0,0,13,50,70,0,-1,-2,3,0,氷耐性,2,,,,,,,,
インゴットα,インゴットヘルムα,6,0,0,0,13,50,70,-2,0,3,-1,0,雷属性攻撃強化,2,,,,,,,,
インゴットβ,インゴットヘルムβ,6,1,0,0,13,50,70,-2,0,3,-1,0,雷属性攻撃強化,1,,,,,,,,
ブリゲイドα,ブリゲイドロポスα,6,0,0,0,13,52,72,1,0,2,0,2,回復速度,2,笛吹き名人,1,,,,,,
ブリゲイドβ,ブリゲイドロポスβ,6,1,0,0,13,52,72,1,0,2,0,2,回復速度,2,,,,,,,,
アイルーα,アイルーフェイクα,6,0,0,0,13,56,76,2,2,2,2,2,オトモへの采配,3,,,,,,,,
知略の眼鏡α,知略の眼鏡α,6,1,0,0,13,56,76,2,2,2,2,2,見切り,2,,,,,,,,
ラヴァα,ラヴァヘルムα,6,0,0,0,13,56,76,3,-3,1,-2,2,火属性攻撃強化,2,納刀術,1,,,,,,
ラヴァβ,ラヴァヘルムβ,6,1,1,0,13,56,76,3,-3,1,-2,2,火属性攻撃強化,1,納刀術,1,,,,,,
ギエナα,ギエナヘルムα,6,0,0,0,13,54,74,-1,2,-3,3,0,精霊の加護,2,氷属性攻撃強化,1,風漂竜の恩寵,1,,,,
ギエナβ,ギエナヘルムβ,6,1,0,0,13,54,74,-1,2,-3,3,0,精霊の加護,2,風漂竜の恩寵,1,,,,,,
ガロンα,ガロンヘルムα,6,0,0,0,13,54,74,2,2,-2,-3,0,裂傷耐性,2,見切り,1,惨爪竜の奥義,1,,,,
ガロンβ,ガロンヘルムβ,6,2,0,0,13,54,74,2,2,-2,-3,0,裂傷耐性,2,惨爪竜の奥義,1,,,,,,
レウスα,レウスヘルムα,6,0,0,0,13,54,74,3,1,-2,1,-3,攻撃,2,火属性攻撃強化,1,火竜の奥義,1,,,,
レウスβ,レウスヘルムβ,6,1,0,0,13,54,74,3,1,-2,1,-3,攻撃,2,火竜の奥義,1,,,,,,
リオソウルα,リオソウルヘルムα,7,0,0,0,13,56,68,3,2,2,-3,-4,超会心,1,威嚇,2,火竜の奥義,1,,,,
リオソウルβ,リオソウルヘルムβ,7,1,1,0,13,56,68,3,2,2,-3,-4,超会心,1,火竜の奥義,1,,,,,,
ディアブロα,ディアブロヘルムα,6,0,0,0,13,54,74,3,-2,0,-3,2,抜刀術【技】,2,火事場力,1,角竜の奥義,1,,,,
ディアブロβ,ディアブロヘルムβ,6,2,0,0,13,54,74,3,-2,0,-3,2,抜刀術【技】,2,角竜の奥義,1,,,,,,
ディアネロα,ディアネロヘルムα,7,1,0,0,13,56,68,2,-3,0,-4,2,集中,2,角竜の奥義,1,,,,,,
ディアネロβ,ディアネロヘルムβ,7,3,0,0,13,56,68,2,-3,0,-4,2,集中,1,角竜の奥義,1,,,,,,
ガンキンα,ガンキンヘルムα,7,3,0,0,13,60,72,4,-3,1,-2,-2,雷耐性,2,爆鎚竜の守護,1,,,,,,
ガンキンβ,ガンキンヘルムβ,7,3,1,0,13,60,72,4,-3,1,-2,-2,雷耐性,1,爆鎚竜の守護,1,,,,,,
バゼルα,バゼルヘルムα,7,2,0,0,13,58,70,3,1,-4,-2,-2,耳栓,2,爆破属性強化,1,爆鱗竜の守護,1,,,,
バゼルβ,バゼルヘルムβ,7,3,1,0,13,58,70,3,1,-4,-2,-2,耳栓,2,爆鱗竜の守護,1,,,,,,
ダマスクα,ダマスクヘルムα,7,1,0,0,14,60,72,4,-2,0,0,0,防御,2,砥石使用高速化,1,,,,,,
ダマスクβ,ダマスクヘルムβ,7,3,0,0,14,60,72,4,-2,0,0,0,防御,2,,,,,,,,
ドーベルα,ドーベルヘルムα,7,0,0,0,14,60,72,-2,0,-1,-1,4,属性解放／装填拡張,1,龍耐性,1,,,,,,
ドーベルβ,ドーベルヘルムβ,7,1,0,0,14,60,72,-2,0,-1,-1,4,属性解放／装填拡張,1,,,,,,,,
デスギアα,デスギアゲヒルα,7,2,0,0,14,62,74,3,2,-2,3,-4,死中に活,1,見切り,1,,,,,,
デスギアβ,デスギアゲヒルβ,7,3,0,0,14,62,74,3,2,-2,3,-4,死中に活,1,,,,,,,,
スカルα,スカルフェイスα,7,2,0,0,13,64,76,-3,-1,-1,-1,2,匠,1,,,,,,,,
オーグα,オーグヘルムα,8,1,0,0,14,64,70,1,1,-3,1,-3,渾身,2,攻撃,1,滅尽龍の飢餓,1,,,,
オーグβ,オーグヘルムβ,8,1,1,0,14,64,70,1,1,-3,1,-3,渾身,2,滅尽龍の飢餓,1,,,,,,
カイザーα,カイザークラウンα,8,0,0,0,14,64,70,3,-3,1,-3,1,力の解放,2,炎王龍の武技,1,,,,,,
カイザーβ,カイザークラウンβ,8,2,0,0,14,64,70,3,-3,1,-3,1,力の解放,1,炎王龍の武技,1,,,,,,
クシャナα,クシャナアンクα,8,0,0,0,14,64,70,0,2,-3,4,-2,氷属性攻撃強化,2,匠,1,鋼龍の飛翔,1,,,,
クシャナβ,クシャナアンクβ,8,1,1,1,14,64,70,0,2,-3,4,-2,氷属性攻撃強化,2,鋼龍の飛翔,1,,,,,,
ウルズα,ウルズヘルムα,8,0,0,0,14,64,70,-4,4,1,-1,-3,フルチャージ,1,龍属性攻撃強化,2,屍套龍の命脈,1,,,,
ウルズβ,ウルズヘルムβ,8,1,0,0,14,64,70,-4,4,1,-1,-3,フルチャージ,1,屍套龍の命脈,1,,,,,,
キリンα,キリンホーンα,8,0,0,0,14,64,70,-3,-2,4,-2,2,ランナー,2,精霊の加護,1,幻獣の恩寵,1,,,,
キリンβ,キリンホーンβ,8,1,0,0,14,64,70,-3,-2,4,-2,2,ランナー,2,幻獣の恩寵,1,,,,,,
ゼノラージα,ゼノラージヘッドα,8,1,0,0,16,72,78,-3,2,2,2,-4,ひるみ軽減,1,特殊射撃強化,1,冥灯龍の神秘,1,,,,
ゼノラージβ,ゼノラージヘッドβ,8,2,0,0,16,72,78,-3,2,2,2,-4,ひるみ軽減,1,冥灯龍の神秘,1,,,,,,
ギルドクロスα,ギルドクロスアクセα,8,1,0,0,15,62,68,0,0,0,0,0,精霊の加護,2,雷耐性,2,ギルドの導き,1,,,,
ギルドクロスβ,ギルドクロスアクセβ,8,1,1,1,15,62,68,0,0,0,0,0,精霊の加護,2,ギルドの導き,1,,,,,,
竜王の隻眼α,竜王の隻眼α,8,3,0,0,14,70,76,0,0,0,0,0,弱点特効,2,,,,,,,,
シーカーα,シーカーヘッドα,8,1,0,0,50,70,76,2,2,2,2,2,整備,1,採集の達人,1,調査団の導き,1,,,,
シーカーβ,シーカーヘッドβ,8,2,0,0,50,70,76,2,2,2,2,2,整備,1,調査団の導き,1,,,,,,
バンギスα,バンギスヘルムα,7,1,0,0,13,58,70,1,1,-3,2,-3,破壊王,1,匠,1,,,,,,
バンギスβ,バンギスヘルムβ,7,3,1,0,13,58,70,1,1,-3,2,-3,破壊王,1,,,,,,,,
マムガイラα,マムガイラヘルムα,8,1,0,0,16,72,78,4,-2,3,-4,-2,属性解放／装填拡張,1,挑戦者,2,,,,,,
マムガイラβ,マムガイラヘルムβ,8,2,1,0,16,72,78,4,-2,3,-4,-2,属性解放／装填拡張,1,挑戦者,1,,,,,,
エンプレスα,エンプレスセクターα,8,3,1,0,16,70,76,3,1,1,-3,-2,回避距離ＵＰ,2,整備,1,炎妃龍の恩寵,1,,,,
エンプレスβ,エンプレスセクターβ,8,3,2,0,16,70,76,3,1,1,-3,-2,回避距離ＵＰ,2,炎妃龍の恩寵,1,,,,,,
ブロッサムα,ブロッサムヘッドα,5,1,1,0,11,40,62,1,1,4,1,1,ハニーハンター,1,,,,,,,,
ダイバーα,ダイバーシュノα,5,2,0,0,11,46,68,1,4,1,1,1,ランナー,1,,,,,,,,
ハーベストα,ハーベストフロールα,6,2,1,0,13,52,72,4,1,1,1,1,集中,1,,,,,,,,
オリオンα,オリオンヘッドα,6,3,1,0,13,58,78,1,1,1,4,1,体力回復量ＵＰ,1,,,,,,,,
フルドレスα,フルドレスハットα,7,2,1,1,14,64,76,1,1,1,1,4,超会心,1,アステラの祝福,1,,,,,,
パピオムα,パピオムテスタα,5,1,0,0,11,42,64,-1,-1,2,0,2,気絶耐性,2,防御,1,,,,,,
パピオムβ,パピオムテスタβ,5,2,0,0,11,42,64,-1,-1,2,0,2,気絶耐性,2,,,,,,,,
クインビートα,クインビートテスタα,5,1,0,0,11,42,64,-1,-1,2,0,2,気絶耐性,2,防御,1,,,,,,
クインビートβ,クインビートテスタβ,5,2,0,0,11,42,64,-1,-1,2,0,2,気絶耐性,2,,,,,,,,
ウルズγ,ウルズヘルムγ,8,3,0,0,50,72,78,-4,4,1,-1,-3,体力回復量ＵＰ,2,龍属性攻撃強化,1,屍套龍の命脈,1,,,,
キリンγ,キリンホーンγ,8,2,0,0,50,72,78,-3,-2,4,-2,2,属性やられ耐性,1,雷属性攻撃強化,3,幻獣の恩寵,1,,,,
カイザーγ,カイザークラウンγ,8,2,2,0,50,72,78,3,-3,1,-3,1,見切り,2,炎王龍の武技,1,,,,,,
クシャナγ,クシャナアンクγ,8,2,0,0,50,72,78,0,2,-3,4,-2,匠,2,鋼龍の飛翔,1,,,,,,
オーグγ,オーグヘルムγ,8,2,2,0,50,72,78,1,1,-3,1,-3,スタミナ急速回復,1,挑戦者,1,滅尽龍の飢餓,1,,,,
ゾラマグナγ,ゾラマグナヘッドγ,8,2,0,0,50,72,78,4,-3,-1,-2,-3,風圧耐性,2,見切り,2,熔山龍の奥義,1,,,,
ゼノラージγ,ゼノラージヘッドγ,8,2,1,1,50,72,78,-3,2,2,2,-4,属性やられ耐性,2,強化持続,1,冥灯龍の神秘,1,,,,
エンプレスγ,エンプレスセクターγ,8,1,1,1,50,70,76,3,1,1,-3,-2,広域化,2,フルチャージ,1,炎妃龍の恩寵,1,,,,
マムガイラγ,マムガイラヘルムγ,8,3,1,1,16,72,78,4,-2,3,-4,-2,強化持続,1,気絶耐性,1,,,,,,
蒼星ノ将α,蒼星ノ将【兜】α,7,3,0,0,13,56,68,2,2,0,0,3,挑戦者,1,火竜の奥義,1,,,,,,
ダンテα,ダンテウィッグα,8,1,0,0,14,64,70,3,-3,3,-3,3,弱点特効,1,見切り,1,,,,,,
ドラケンα,ドラケンアーメットα,8,3,1,0,16,72,78,-2,-2,3,-2,4,超会心,1,飛燕,1,竜騎士の証,1,,,,
封印の眼帯α,封印の眼帯α,5,2,1,0,11,46,68,3,2,0,2,0,火耐性,1,,,,,,,,
シャドウα,シャドウアイα,5,1,1,1,11,46,68,4,0,4,2,0,気絶耐性,1,,,,,,,,
クルルα,クルルフェイクα,5,3,1,0,11,46,68,2,0,2,3,2,運搬の達人,1,,,,,,,,
ユラユラα,ユラユラフェイクα,5,1,1,0,11,46,68,0,4,0,0,4,広域化,2,,,,,,,,
爆砕の羽根飾り,爆砕の羽根飾り,4,0,0,0,13,32,56,0,0,0,0,0,ボマー,3,,,,,,,,
龍封じのピアスα,龍封じのピアスα,7,0,0,0,15,60,72,0,0,0,0,0,龍封力強化,1,,,,,,,,
オリジン,オリジンヘルム,1,0,0,0,1,6,42,0,0,0,0,0,探索者の幸運,1,,,,,,,,
ガーディアンα,ガーディアンヘルムα,6,1,0,0,1,50,70,2,0,0,2,3,体力回復量ＵＰ,2,体力増強,1,,,,,,
アーロイα,アーロイフェイスα,5,3,0,0,11,46,68,1,1,1,1,1,滑走強化,1,蛮顎竜の闘志,1,,,,,,
アーロイγ,アーロイフェイスγ,8,3,0,0,50,64,70,1,1,1,1,1,超会心,2,蛮顎竜の闘志,1,,,,,,
リュウ,リュウフェイス,2,0,0,0,3,12,44,2,0,5,-3,2,攻撃,1,,,,,,,,
リュウα,リュウフェイスα,7,1,1,0,14,60,72,2,0,5,-3,2,攻撃,1,体術,1,火竜の奥義,1,,,,
さくらα,さくらフェイスα,6,1,1,0,13,50,70,0,4,0,4,-2,攻撃,1,回避性能,1,桜火竜の奥義,1,,,,
ゲラルトα,ゲラルトフェイスα,8,1,1,0,16,70,76,2,1,-2,-1,3,弱点特効,2,回復速度,1,ウィッチャーの心得,1,,,,
シリα,シリフェイスα,8,3,1,1,50,70,76,-2,-1,2,1,3,属性解放／装填拡張,1,回避性能,1,,,,,,
防衛隊α,防衛隊【兜】α,6,1,0,0,1,50,70,2,0,0,2,3,体力回復量ＵＰ,2,体力増強,1,,,,,,
EXボーンα,EXボーンヘルムα,9,3,0,0,M1,114,152,2,0,2,0,2,体力増強,2,破壊王,1,,,,,,
EXボーンβ,EXボーンヘルムβ,9,4,0,0,M1,114,152,2,0,2,0,2,体力増強,1,破壊王,1,,,,,,
EXアロイα,EXアロイヘルムα,9,2,0,0,M1,114,152,-2,0,-2,-2,0,風圧耐性,2,防御,1,,,,,,
EXアロイβ,EXアロイヘルムβ,9,4,1,0,M1,114,152,-2,0,-2,-2,0,風圧耐性,1,,,,,,,,
EXランゴα,EXランゴヘルムα,9,3,0,0,M1,116,154,-2,1,1,1,2,納刀術,1,麻痺属性強化,1,,,,,,
EXランゴβ,EXランゴヘルムβ,9,4,1,0,M1,116,154,-2,1,1,1,2,納刀術,1,,,,,,,,
EXタロスα,EXタロスヘルムα,9,2,0,0,M1,116,154,-1,-1,0,0,2,弱点特効,1,龍属性攻撃強化,2,,,,,,
EXタロスβ,EXタロスヘルムβ,9,4,0,0,M1,116,154,-1,-1,0,0,2,弱点特効,1,龍属性攻撃強化,1,,,,,,
EXシャムα,EXシャムゴーグルα,9,2,1,0,M1,116,154,2,2,0,-3,0,感知,1,地質学,2,,,,,,
EXシャムβ,EXシャムゴーグルβ,9,4,2,0,M1,116,154,2,2,0,-3,0,感知,1,地質学,1,,,,,,
EXガストα,EXガストホーンα,9,1,0,0,M1,116,154,3,0,0,0,0,ひるみ軽減,2,爆破やられ耐性,1,,,,,,
EXガストβ,EXガストホーンβ,9,4,1,0,M1,116,154,3,0,0,0,0,ひるみ軽減,1,爆破やられ耐性,1,,,,,,
EXウルグα,EXウルグマフラーα,9,2,1,0,M1,116,154,-3,2,-2,3,2,氷耐性,2,乗り名人,1,,,,,,
EXウルグβ,EXウルグマフラーβ,9,4,1,0,M1,116,154,-3,2,-2,3,2,氷耐性,1,乗り名人,1,,,,,,
EXジャグラスα,EXジャグラスヘルムα,9,2,0,0,M1,116,154,-2,2,-1,-1,1,早食い,2,攻撃,2,,,,,,
EXジャグラスβ,EXジャグラスヘルムβ,9,4,1,0,M1,116,154,-2,2,-1,-1,1,早食い,1,攻撃,1,,,,,,
EXツィツィα,EXツィツィヘルムα,9,2,1,0,M1,116,154,0,0,-3,-2,0,属性解放／装填拡張,1,気絶耐性,1,,,,,,
EXツィツィβ,EXツィツィヘルムβ,9,4,1,0,M1,116,154,0,0,-3,-2,0,属性解放／装填拡張,1,,,,,,,,
EXギルオスα,EXギルオスヘルムα,9,2,0,0,M1,116,154,0,-3,2,0,1,笛吹き名人,2,麻痺耐性,1,,,,,,
EXギルオスβ,EXギルオスヘルムβ,9,4,0,0,M1,116,154,0,-3,2,0,1,笛吹き名人,2,,,,,,,,
EXガマルα,EXガマルヘルムα,9,3,0,0,M1,120,158,2,0,-3,0,2,爆破やられ耐性,2,ボマー,1,,,,,,
EXガマルβ,EXガマルヘルムβ,9,4,0,0,M1,120,158,2,0,-3,0,2,爆破やられ耐性,2,,,,,,,,
EXクルルα,EXクルルヘルムα,9,1,0,0,M1,116,154,0,-3,0,1,0,スリンガー装填数ＵＰ,2,超会心,1,,,,,,
EXクルルβ,EXクルルヘルムβ,9,4,0,0,M1,116,154,0,-3,0,1,0,スリンガー装填数ＵＰ,2,,,,,,,,
EXプケプケα,EXプケプケヘルムα,9,2,2,0,M1,118,156,0,3,-3,0,1,環境利用の知識,2,毒耐性,1,,,,,,
EXプケプケβ,EXプケプケヘルムβ,9,4,1,1,M1,118,156,0,3,-3,0,1,環境利用の知識,2,,,,,,,,
EXプケラグーナα,EXプケラグーナヘルムα,9,1,0,0,M4,132,170,0,3,-2,-3,0,抜刀術【技】,2,アイテム使用強化,1,,,,,,
EXプケラグーナβ,EXプケラグーナヘルムβ,9,4,0,0,M4,132,170,0,3,-2,-3,0,抜刀術【技】,1,アイテム使用強化,1,,,,,,
EXボロスα,EXボロスヘルムα,9,2,0,0,M1,118,156,-3,-1,3,-1,0,ガード性能,2,ランナー,1,,,,,,
EXボロスβ,EXボロスヘルムβ,9,4,1,0,M1,118,156,-3,-1,3,-1,0,ガード性能,2,,,,,,,,
EXジュラα,EXジュラヘルムα,9,1,1,0,M1,118,156,-1,2,-3,0,0,力の解放,2,集中,1,,,,,,
EXジュラβ,EXジュラヘルムβ,9,4,1,0,M1,118,156,-1,2,-3,0,0,力の解放,1,集中,1,,,,,,
EXブランα,EXブランヘルムα,9,2,0,0,M1,118,156,-3,0,-2,3,2,水場・深雪適応,2,耳栓,1,,,,,,
EXブランβ,EXブランヘルムβ,9,4,1,0,M1,118,156,-3,0,-2,3,2,水場・深雪適応,2,,,,,,,,
EXカガチα,EXカガチヘルムα,9,2,0,0,M1,120,158,0,-3,3,0,0,体術,2,回避距離ＵＰ,1,,,,,,
EXカガチβ,EXカガチヘルムβ,9,4,1,0,M1,120,158,0,-3,3,0,0,体術,1,回避距離ＵＰ,1,,,,,,
EXベニカガチα,EXベニカガチヘルムα,9,1,0,0,M3,132,148,1,3,-3,-2,1,回避距離ＵＰ,2,麻痺属性強化,1,,,,,,
EXベニカガチβ,EXベニカガチヘルムβ,9,4,0,0,M3,132,148,1,3,-3,-2,1,回避距離ＵＰ,1,麻痺属性強化,1,,,,,,
EXハイメタα,EXハイメタヘルムα,9,2,0,0,M1,128,166,0,-1,-2,3,0,氷耐性,2,耳栓,2,,,,,,
EXハイメタβ,EXハイメタヘルムβ,9,4,1,0,M1,128,166,0,-1,-2,3,0,氷耐性,2,耳栓,1,,,,,,
EXバフバロα,EXバフバロヘルムα,9,2,0,0,M3,130,168,-2,2,-1,3,-3,逆恨み,2,キノコ大好き,1,,,,,,
EXバフバロβ,EXバフバロヘルムβ,9,4,1,0,M3,130,168,-2,2,-1,3,-3,逆恨み,2,,,,,,,,
EXジャナフα,EXジャナフヘルムα,9,3,0,0,M4,132,170,3,-3,-1,-1,0,火属性攻撃強化,2,火耐性,1,蛮顎竜の覇気,1,,,,
EXジャナフβ,EXジャナフヘルムβ,9,4,0,0,M4,132,170,3,-3,-1,-1,0,火属性攻撃強化,2,蛮顎竜の覇気,1,,,,,,
EXジャナールα,EXジャナールヘルムα,11,2,1,0,M13,146,170,-1,-1,2,-3,0,弱点特効,1,死中に活,1,蛮顎竜の覇気,1,,,,
EXジャナールβ,EXジャナールヘルムβ,11,4,2,0,M13,146,170,-1,-1,2,-3,0,弱点特効,1,蛮顎竜の覇気,1,,,,,,
EXレイアα,EXレイアヘルムα,9,3,0,0,M4,130,168,2,0,-2,0,-3,体力増強,2,毒属性強化,1,雌火竜の真髄,1,,,,
EXレイアβ,EXレイアヘルムβ,9,4,0,0,M4,130,168,2,0,-2,0,-3,体力増強,1,毒属性強化,1,雌火竜の真髄,1,,,,
EXリオハートα,EXリオハートヘルムα,9,3,0,0,M6,132,170,3,0,-3,0,-4,回避距離ＵＰ,2,クライマー,1,雌火竜の真髄,1,,,,
EXリオハートβ,EXリオハートヘルムβ,9,4,1,0,M6,132,170,3,0,-3,0,-4,回避距離ＵＰ,2,雌火竜の真髄,1,,,,,,
EXウルムーα,EXウルムーヘルムα,9,3,0,0,M4,130,168,-3,2,0,1,0,スタミナ急速回復,2,風圧耐性,1,,,,,,
EXウルムーβ,EXウルムーヘルムβ,9,4,1,0,M4,130,168,-3,2,0,1,0,スタミナ急速回復,2,,,,,,,,
EXウルムメアα,EXウルムメアヘルムα,9,1,1,0,M4,132,170,-3,-3,2,1,1,弱点特効,1,広域化,1,,,,,,
EXウルムメアβ,EXウルムメアヘルムβ,9,4,0,0,M4,132,170,-3,-3,2,1,1,弱点特効,1,,,,,,,,
EXバルキンα,EXバルキンヘルムα,9,1,1,0,M4,134,172,0,2,0,-1,-2,耐震,2,ＫＯ術,1,,,,,,
EXバルキンβ,EXバルキンヘルムβ,9,4,0,0,M4,134,172,0,2,0,-1,-2,耐震,2,,,,,,,,
EXアーティアα,EXアーティアヘルムα,10,2,0,0,,142,174,1,-2,-2,2,3,スリンガー装填数ＵＰ,2,属性解放／装填拡張,1,太古の神秘,1,,,,
EXアーティアβ,EXアーティアヘルムβ,10,4,1,0,,142,174,1,-2,-2,2,3,スリンガー装填数ＵＰ,1,属性解放／装填拡張,1,太古の神秘,1,,,,
EXアークロックα,EXアークロックヘルムα,10,1,1,0,,142,174,2,2,2,-1,-1,挑戦者,2,破壊王,1,調査団の錬金術,1,,,,
EXアークロックβ,EXアークロックヘルムβ,10,4,1,0,,142,174,2,2,2,-1,-1,挑戦者,1,破壊王,1,調査団の錬金術,1,,,,
EXインゴットα,EXインゴットヘルムα,10,2,0,0,M6,136,168,-2,0,3,-1,0,雷属性攻撃強化,2,風圧耐性,1,,,,,,
EXインゴットβ,EXインゴットヘルムβ,10,4,2,0,M6,136,168,-2,0,3,-1,0,雷属性攻撃強化,2,,,,,,,,
EXベリオα,EXベリオヘルムα,10,1,1,0,M6,138,170,-3,2,-2,3,0,回避距離ＵＰ,2,強化持続,1,氷牙竜の秘技,1,,,,
EXベリオβ,EXベリオヘルムβ,10,4,1,0,M6,138,170,-3,2,-2,3,0,回避距離ＵＰ,1,強化持続,1,氷牙竜の秘技,1,,,,
EXレウスα,EXレウスヘルムα,10,2,0,0,M7,140,172,3,1,-2,1,-3,攻撃,2,火属性攻撃強化,2,火竜の真髄,1,,,,
EXレウスβ,EXレウスヘルムβ,10,4,1,0,M7,140,172,3,1,-2,1,-3,攻撃,2,火竜の真髄,1,,,,,,
EXリオソウルα,EXリオソウルヘルムα,11,1,1,0,M13,148,172,3,2,2,-3,-4,超会心,1,クライマー,1,火竜の真髄,1,,,,
EXリオソウルβ,EXリオソウルヘルムβ,11,4,0,0,M13,148,172,3,2,2,-3,-4,超会心,1,火竜の真髄,1,,,,,,
EXディアブロα,EXディアブロヘルムα,10,2,0,0,M7,140,180,3,-2,0,-3,2,抜刀術【技】,2,ＫＯ術,1,角竜の覇気,1,,,,
EXディアブロβ,EXディアブロヘルムβ,10,4,0,0,M7,140,180,3,-2,0,-3,2,抜刀術【技】,2,角竜の覇気,1,,,,,,
EXディアネロα,EXディアネロヘルムα,11,1,1,0,M13,148,172,2,-3,0,-4,2,破壊王,2,逆恨み,1,角竜の覇気,1,,,,
EXディアネロβ,EXディアネロヘルムβ,11,4,1,0,M13,148,172,2,-3,0,-4,2,破壊王,2,角竜の覇気,1,,,,,,
EXギエナα,EXギエナヘルムα,10,2,0,0,M7,140,170,-1,2,-3,3,0,精霊の加護,2,氷属性攻撃強化,2,風漂竜の覇気,1,,,,
EXギエナβ,EXギエナヘルムβ,10,4,1,0,M7,140,170,-1,2,-3,3,0,精霊の加護,2,風漂竜の覇気,1,,,,,,
EXブリーナα,EXブリーナヘルムα,11,1,1,1,M12,146,170,-3,2,-1,3,0,腹減り耐性,2,回避距離ＵＰ,1,風漂竜の覇気,1,,,,
EXブリーナβ,EXブリーナヘルムβ,11,4,1,0,M12,146,170,-3,2,-1,3,0,腹減り耐性,2,風漂竜の覇気,1,,,,,,
EXガロンα,EXガロンヘルムα,10,2,0,0,M7,140,172,2,2,-2,-3,0,裂傷耐性,2,見切り,2,惨爪竜の真髄,1,,,,
EXガロンβ,EXガロンヘルムβ,10,4,0,0,M7,140,172,2,2,-2,-3,0,裂傷耐性,2,見切り,1,惨爪竜の真髄,1,,,,
EXデスガロンα,EXデスガロンヘルムα,11,3,0,0,M14,148,172,-2,-3,-2,-2,4,力の解放,2,整備,1,惨爪竜の真髄,1,,,,
EXデスガロンβ,EXデスガロンヘルムβ,11,4,2,0,M14,148,172,-2,-3,-2,-2,4,力の解放,2,惨爪竜の真髄,1,,,,,,
EXラヴァα,EXラヴァヘルムα,10,1,1,0,M7,140,172,3,-3,1,-2,2,火属性攻撃強化,2,納刀術,1,,,,,,
EXラヴァβ,EXラヴァヘルムβ,10,4,1,0,M7,140,172,3,-3,1,-2,2,火属性攻撃強化,1,納刀術,1,,,,,,
EXガンキンα,EXガンキンヘルムα,10,2,1,0,M7,144,176,4,-3,1,-2,-2,爆破やられ耐性,2,ひるみ軽減,1,爆鎚竜の覇気,1,,,,
EXガンキンβ,EXガンキンヘルムβ,10,4,3,0,M7,144,176,4,-3,1,-2,-2,爆破やられ耐性,2,爆鎚竜の覇気,1,,,,,,
EXナルガα,EXナルガヘルムα,10,1,1,0,M7,140,172,-2,2,-3,0,0,フルチャージ,2,貫通弾・竜の一矢強化,1,迅竜の真髄,1,,,,
EXナルガβ,EXナルガヘルムβ,10,4,1,0,M7,140,172,-2,2,-3,0,0,フルチャージ,1,貫通弾・竜の一矢強化,1,迅竜の真髄,1,,,,
EXディノα,EXディノヘルムα,10,1,0,0,M7,142,174,3,-3,1,-1,-1,集中,2,匠,1,斬竜の真髄,1,,,,
EXディノβ,EXディノヘルムβ,10,4,0,0,M7,142,174,3,-3,1,-1,-1,集中,1,匠,1,斬竜の真髄,1,,,,
EXディノイエロα,EXディノイエロヘルムα,11,1,0,0,M14,150,174,-3,2,-1,2,-1,渾身,2,瘴気耐性,2,斬竜の真髄,1,,,,
EXディノイエロβ,EXディノイエロヘルムβ,11,4,0,0,M14,150,174,-3,2,-1,2,-1,渾身,1,瘴気耐性,2,斬竜の真髄,1,,,,
EXブラキα,EXブラキヘルムα,10,3,0,0,M9,142,174,3,-2,1,-3,1,挑戦者,2,砲弾装填数ＵＰ,1,砕竜の真髄,1,,,,
EXブラキβ,EXブラキヘルムβ,10,4,1,0,M9,142,174,3,-2,1,-3,1,挑戦者,2,砕竜の真髄,1,,,,,,
EXレックスα,EXレックスヘルムα,10,1,0,0,M9,142,174,2,0,-3,0,-2,攻撃,2,耳栓,2,轟竜の真髄,1,,,,
EXレックスβ,EXレックスヘルムβ,10,4,0,0,M9,142,174,2,0,-3,0,-2,攻撃,2,耳栓,1,轟竜の真髄,1,,,,
EXレックスロアα,EXレックスロアヘルムα,11,3,0,0,M70,156,182,3,-4,-2,0,0,攻撃,3,満足感,1,轟竜の真髄,1,,,,
EXレックスロアβ,EXレックスロアヘルムβ,11,4,0,0,M70,156,182,3,-4,-2,0,0,攻撃,2,満足感,1,轟竜の真髄,1,,,,
EXクロオビα,EXクロオビヘルムα,11,3,0,0,,150,174,1,1,1,1,2,ランナー,2,キノコ大好き,1,教官の導き,1,,,,
EXクロオビβ,EXクロオビヘルムβ,11,4,2,0,,150,174,1,1,1,1,2,ランナー,2,教官の導き,1,,,,,,
EXドーベルα,EXドーベルヘルムα,11,1,0,0,M17,152,176,-2,0,-1,-1,4,属性解放／装填拡張,2,スタミナ急速回復,1,,,,,,
EXドーベルβ,EXドーベルヘルムβ,11,4,0,0,M17,152,176,-2,0,-1,-1,4,属性解放／装填拡張,2,,,,,,,,
EXダマスクα,EXダマスクヘルムα,11,3,0,0,M17,152,176,4,-2,0,0,0,防御,3,砥石使用高速化,2,,,,,,
EXダマスクβ,EXダマスクヘルムβ,11,4,1,1,M17,152,176,4,-2,0,0,0,防御,3,,,,,,,,
EXプライドα,EXプライドヘルムα,11,2,1,0,M18,154,178,3,1,-2,-4,-2,耳栓,2,爆破属性強化,2,爆鱗竜の覇気,1,,,,
EXプライドβ,EXプライドヘルムβ,11,4,1,0,M18,154,178,3,1,-2,-4,-2,耳栓,2,爆破属性強化,1,爆鱗竜の覇気,1,,,,
EXグリードα,EXグリードヘルムα,11,1,0,0,M21,156,180,2,1,-3,1,-3,破壊王,1,匠,2,恐暴竜の真髄,1,,,,
EXグリードβ,EXグリードヘルムβ,11,4,3,0,M21,156,180,2,1,-3,1,-3,破壊王,1,恐暴竜の真髄,1,,,,,,
EXラヴィーナα,EXラヴィーナヘルムα,12,3,2,0,M17,154,178,-3,2,-1,4,-1,精霊の加護,2,災禍転福,1,冰龍の神秘,1,,,,
EXラヴィーナβ,EXラヴィーナヘルムβ,12,4,2,0,M17,154,178,-3,2,-1,4,-1,精霊の加護,2,冰龍の神秘,1,,,,,,
EXヴァルファーα,EXヴァルファーヘルムα,12,1,0,0,M19,156,180,-2,4,1,1,-3,フルチャージ,2,龍属性攻撃強化,2,屍套龍の霊脈,1,,,,
EXヴァルファーβ,EXヴァルファーヘルムβ,12,4,1,0,M19,156,180,-2,4,1,1,-3,フルチャージ,2,屍套龍の霊脈,1,,,,,,
EXカイザーα,EXカイザークラウンα,12,1,0,0,M19,156,180,3,-3,1,-3,1,力の解放,2,見切り,2,炎王龍の武技,1,,,,
EXカイザーβ,EXカイザークラウンβ,12,4,0,0,M19,156,180,3,-3,1,-3,1,力の解放,1,見切り,2,炎王龍の武技,1,,,,
EXクシャナα,EXクシャナアンクα,12,2,0,0,M19,156,180,0,2,-3,4,-2,氷属性攻撃強化,2,回避性能,2,鋼龍の飛翔,1,,,,
EXクシャナβ,EXクシャナアンクβ,12,4,1,0,M19,156,180,0,2,-3,4,-2,氷属性攻撃強化,2,回避性能,1,鋼龍の飛翔,1,,,,
EXキリンα,EXキリンホーンα,12,3,1,0,M19,154,172,-3,-2,4,-2,2,ランナー,2,精霊の加護,2,幻獣の神秘,1,,,,
EXキリンβ,EXキリンホーンβ,12,4,1,1,M19,154,172,-3,-2,4,-2,2,ランナー,2,幻獣の神秘,1,,,,,,
EXテンタクルα,EXテンタクルヘルムα,12,1,0,0,M20,158,176,-3,4,3,0,-2,体術,3,渾身,1,溟龍の神秘,1,,,,
EXテンタクルβ,EXテンタクルヘルムβ,12,4,0,0,M20,158,176,-3,4,3,0,-2,体術,2,渾身,1,溟龍の神秘,1,,,,
EXギルドパレスα,EXギルドパレスヘルムα,11,3,0,0,M70,154,178,1,2,2,1,1,体力増強,2,攻めの守勢,1,ギルドの見識,1,,,,
EXギルドパレスβ,EXギルドパレスヘルムβ,11,4,2,0,M70,154,178,1,2,2,1,1,体力増強,2,ギルドの見識,1,,,,,,
EXアンガルダα,EXアンガルダヘルムα,12,3,1,0,M23,162,180,0,-2,3,-3,0,体力回復量ＵＰ,2,破壊王,1,地啼龍の神秘,1,,,,
EXアンガルダβ,EXアンガルダヘルムβ,12,4,2,0,M23,162,180,0,-2,3,-3,0,体力回復量ＵＰ,2,地啼龍の神秘,1,,,,,,
EXゾラマグナα,EXゾラマグナヘッドα,12,2,2,0,M24,160,178,4,-3,-1,-2,-3,ひるみ軽減,1,砲術,2,熔山龍の真髄,1,,,,
EXゾラマグナβ,EXゾラマグナヘッドβ,12,4,2,1,M24,160,178,4,-3,-1,-2,-3,ひるみ軽減,1,熔山龍の真髄,1,,,,,,
EXガルルガα,EXガルルガヘルムα,11,3,0,0,M24,154,178,2,-3,2,-2,-2,見切り,2,逆恨み,1,,,,,,
EXガルルガβ,EXガルルガヘルムβ,11,4,2,0,M24,154,178,2,-3,2,-2,-2,見切り,1,逆恨み,1,,,,,,
EXジンオウα,EXジンオウヘルムα,11,1,0,0,M24,158,182,-1,-1,4,-4,1,強化持続,2,超会心,1,雷狼竜の真髄,1,,,,
EXジンオウβ,EXジンオウヘルムβ,11,4,0,0,M24,158,182,-1,-1,4,-4,1,強化持続,1,超会心,1,雷狼竜の真髄,1,,,,
EXギルドワークα,EXギルドワークヘッドα,12,3,2,0,M24,162,180,2,1,1,2,2,植生学,3,ハニーハンター,1,ギルドの見識,1,,,,
EXギルドワークβ,EXギルドワークヘッドβ,12,4,3,0,M24,162,180,2,1,1,2,2,植生学,2,ハニーハンター,1,ギルドの見識,1,,,,
EXゴールドルナα,EXゴールドルナヘルムα,12,2,2,0,M70,162,180,3,-2,-4,0,4,体力増強,2,毒属性強化,2,金火竜の真髄,1,,,,
EXゴールドルナβ,EXゴールドルナヘルムβ,12,4,2,0,M70,162,180,3,-2,-4,0,4,体力増強,2,金火竜の真髄,1,,,,,,
EXシルバーソルα,EXシルバーソルヘルムα,12,2,2,0,M70,162,180,4,-3,-2,-2,3,風圧耐性,2,火属性攻撃強化,2,銀火竜の真髄,1,,,,
EXシルバーソルβ,EXシルバーソルヘルムβ,12,4,3,0,M70,162,180,4,-3,-2,-2,3,風圧耐性,2,銀火竜の真髄,1,,,,,,
EXエンプレスα,EXエンプレスセクターα,12,3,0,0,M50,164,182,3,1,1,-3,-2,整備,2,攻めの守勢,2,炎妃龍の真髄,1,,,,
EXエンプレスβ,EXエンプレスセクターβ,12,4,2,0,M50,164,182,3,1,1,-3,-2,整備,2,炎妃龍の真髄,1,,,,,,
EXゾークα,EXゾークヘルムα,12,3,1,0,M100,166,184,1,1,-3,1,-3,渾身,2,スタミナ急速回復,1,滅尽龍の覇気,1,,,,
EXゾークβ,EXゾークヘルムβ,12,4,2,0,M100,166,184,1,1,-3,1,-3,渾身,2,滅尽龍の覇気,1,,,,,,
EX金色α,EX金色ノ添髪α,11,0,0,0,M24,158,182,2,0,3,-5,2,弱点特効,2,匠,2,金獅子の怒気,1,,,,
EX金色β,EX金色ノ添髪β,11,4,1,0,M24,158,182,2,0,3,-5,2,弱点特効,2,金獅子の怒気,1,,,,,,
EX斉天α,EX斉天ノ添髪α,12,0,0,0,M24,170,188,2,0,3,-5,2,耳栓,3,火事場力,3,金獅子の闘志,1,,,,
EX斉天β,EX斉天ノ添髪β,12,4,0,0,M24,170,188,2,0,3,-5,2,耳栓,3,火事場力,1,金獅子の闘志,1,,,,
EXゴクオウα,EXゴクオウヘルムα,11,2,1,0,M24,160,184,2,-4,-5,0,4,力の解放,3,耐震,2,雷狼竜の真髄,1,,,,
EXゴクオウβ,EXゴクオウヘルムβ,11,4,1,0,M24,160,184,2,-4,-5,0,4,力の解放,3,耐震,1,雷狼竜の真髄,1,,,,
EX龍紋α,EX龍紋ヲ刻マレシ封冠α,12,2,1,1,M24,168,186,2,1,1,1,-1,回避性能,2,超会心,1,赤龍の封印,1,,,,
EX龍紋β,EX龍紋ヲ刻マレシ封冠β,12,4,1,1,M24,168,186,2,1,1,1,-1,回避性能,1,超会心,1,赤龍の封印,1,,,,
EXブラキウムα,EXブラキウムヘルムα,12,2,2,1,M24,170,188,3,-2,1,-3,1,弱点特効,1,ガード性能,2,砕竜の闘志,1,,,,
EXブラキウムβ,EXブラキウムヘルムβ,12,4,4,1,M24,170,188,3,-2,1,-3,1,弱点特効,1,砕竜の闘志,1,,,,,,
EXオルムングα,EXオルムングヘルムα,11,3,2,1,M24,162,186,-3,2,-2,3,0,見切り,2,納刀術,1,氷牙竜の絶技,1,,,,
EXオルムングβ,EXオルムングヘルムβ,11,4,2,1,M24,162,186,-3,2,-2,3,0,見切り,2,氷牙竜の絶技,1,,,,,,
EXエスカドラα,EXエスカドラワイズα,12,3,1,0,M24,160,178,3,0,0,3,2,逆恨み,3,見切り,2,煌黒龍の神秘,1,,,,
EXエスカドラβ,EXエスカドラワイズβ,12,4,1,0,M24,160,178,3,0,0,3,2,逆恨み,3,見切り,1,煌黒龍の神秘,1,,,,
EXドラゴンα,EXドラゴンヘッドα,12,3,2,2,M24,180,198,-1,2,2,0,-4,気絶耐性,3,ガード性能,3,黒龍の伝説,1,,,,
EXドラゴンβ,EXドラゴンヘッドβ,12,4,4,4,M24,180,198,-1,2,2,0,-4,気絶耐性,3,黒龍の伝説,1,,,,,,
EXマムガイラα,EXマムガイラヘルムα,12,0,0,0,M24,176,194,4,-2,3,-2,-4,満足感,1,属性解放／装填拡張,3,爛輝龍の真髄,1,,,,
EXマムガイラβ,EXマムガイラヘルムβ,12,4,4,1,M24,176,194,4,-2,3,-2,-4,満足感,1,爛輝龍の真髄,1,,,,,,
EXテンタクルγ,EXテンタクルヘルムγ,12,4,2,0,M100,176,194,-3,4,3,0,-2,スタミナ急速回復,3,整備,1,溟龍の神秘,1,,,,
EXラヴィーナγ,EXラヴィーナヘルムγ,12,4,4,1,M100,180,198,-3,2,-1,4,-1,災禍転福,3,死中に活,1,冰龍の神秘,1,,,,
EXウーロンα,EXウーロンヘッドα,9,4,0,0,M1,120,158,1,1,1,4,1,見切り,3,万福の祝福,1,,,,,,
EXアストラα,EXアストラヴェールα,9,4,0,0,M1,140,178,2,2,2,2,2,広域化,3,大感謝の祝福,1,,,,,,
EXローゼα,EXローゼヘッドα,10,3,2,1,M9,150,182,4,1,1,1,1,不屈,1,満開の祝福,1,,,,,,
EXパッションα,EXパッションヘッドα,10,3,0,0,M12,156,188,1,4,1,1,1,ランナー,3,情熱の祝福,1,,,,,,
EX魔界ノ主α,EX魔界ノ主【艶髪】α,11,4,0,0,M11,162,186,1,1,4,1,1,ガード性能,3,ホラーナイトの祝福,1,,,,,,
EX蒼世ノ侍α,EX蒼世ノ侍【艶髪】α,12,4,0,0,M18,170,188,2,2,0,0,3,スリンガー装填数ＵＰ,3,弱点特効,1,銀火竜の真髄,1,,,,
EXバヌークα,EXバヌークヘルムα,12,4,1,1,M24,160,178,2,0,2,2,2,集中,2,水場・深雪適応,1,蛮顎竜の覇気,1,,,,
EXギンセンザルα,EXギンセンザルα,9,2,1,0,M3,120,158,0,0,0,5,0,体力回復量ＵＰ,2,,,,,,,,
EXキブクレα,EXキブクレフェイクα,9,4,0,0,M4,138,176,-1,3,0,4,0,回避性能,2,,,,,,,,
EX封印の龍骸布α,EX封印の龍骸布α,12,4,4,0,M20,152,170,-3,0,0,1,5,逆恨み,1,,,,,,,,
EX竜人族の耳α,EX竜人族の耳α,9,4,0,0,M3,140,168,1,1,1,1,5,キノコ大好き,2,環境利用の知識,1,,,,,,
EXアルテミスα,EXアルテミスヘッドα,11,1,1,0,M1,140,164,2,2,1,1,2,フルチャージ,2,耳栓,1,New World,1,,,,
EX身軽さの耳飾りα,EX身軽さの耳飾りα,11,2,2,1,M18,154,178,1,1,1,1,1,受け身術,1,,,,,,,,
EX陽動の耳飾りα,EX陽動の耳飾りα,12,2,2,1,M70,162,180,1,1,1,1,1,陽動攻撃,1,,,,,,,,
EXレオンα,EXレオンフェイスα,12,1,1,0,M20,150,168,3,2,2,3,0,挑戦者,2,弱点特効,1,サバイバー,1,,,,
EXクレアα,EXクレアフェイスα,12,1,1,0,M20,150,168,3,2,2,3,0,挑戦者,2,回避性能,2,サバイバー,1,,,,
EXシールドウィーバー,EXシールドウィーバー・頭,12,4,2,0,M24,132,150,-1,-1,3,-1,2,体力増強,2,雷属性攻撃強化,2,動力源,1,,,,