シリーズ名,名前,レア度,スロット1,スロット2,スロット3,入手時期,初期防御力,最終防御力,火耐性,水耐性,雷耐性,氷耐性,龍耐性,スキル系統1,スキル値1,スキル系統2,スキル値2,スキル系統3,スキル値3,スキル系統4,スキル値4,スキル系統5,スキル値5,生産素材1
レザー,レザーベスト,1,0,0,0,1,2,38,2,0,0,0,0,,,,,,,,,,,鉄鉱石
チェーン,チェーンベスト,1,0,0,0,1,2,38,0,2,0,0,0,,,,,,,,,,,鉄鉱石
ハンター,ハンターメイル,1,0,0,0,1,6,42,2,2,0,0,0,スリンガー装填数ＵＰ,1,,,,,,,,,ジャグラスの皮
ボーン,ボーンメイル,1,0,0,0,1,6,42,2,0,2,0,2,攻撃,1,,,,,,,,,竜骨【小】
ランゴ,ランゴメイル,1,0,0,0,3,8,44,-2,1,1,1,2,風圧耐性,1,,,,,,,,,ランゴスタの甲殻
ジャグラス,ジャグラスメイル,1,0,0,0,2,8,44,-2,2,-1,-1,1,威嚇,1,,,,,,,,,賊竜の皮
クルル,クルルメイル,1,0,0,0,2,10,46,0,-3,0,1,0,スタミナ急速回復,1,,,,,,,,,掻鳥の皮
アロイ,アロイメイル,2,0,0,0,3,8,40,-2,1,-2,-2,1,水耐性,1,,,,,,,,,マカライト鉱石
プケプケ,プケプケメイル,2,0,0,0,2,12,44,0,3,-3,0,1,アイテム使用強化,1,,,,,,,,,毒妖鳥の鱗
ボロス,ボロスメイル,2,0,0,0,3,14,38,-3,-1,3,-1,0,スタミナ奪取,1,,,,,,,,,土砂竜の甲殻
ジュラ,ジュラメイル,2,0,0,0,3,14,46,-1,2,-3,0,0,泥耐性,1,,,,,,,,,泥魚竜の甲殻
カガチ,カガチメイル,2,0,0,0,4,16,48,0,-3,3,0,0,ジャンプ鉄人,1,,,,,,,,,飛雷竜の毛皮
ハイメタ,ハイメタメイル,3,0,0,0,6,18,46,0,-1,-2,3,0,耳栓,1,,,,,,,,,ドラグライト鉱石
オウビート,オウビートペット,3,0,0,0,6,22,50,-1,-1,2,0,2,納刀術,1,,,,,,,,,オオツノアゲハ
パピメル,パピメルペット,3,0,0,0,6,22,50,-1,-1,2,0,2,納刀術,1,,,,,,,,,オオツノアゲハ
タロス,タロスメイル,3,0,0,0,8,18,46,-1,-1,0,0,2,瘴気環境適応,1,,,,,,,,,カンタロスの羽
ジャナフ,ジャナフメイル,3,0,0,0,4,20,48,3,-3,-1,-1,0,ランナー,1,蛮顎竜の力,1,,,,,,,蛮顎竜の毛皮
レイア,レイアメイル,3,0,0,0,5,22,50,2,0,-2,0,-3,植生学,1,,,,,,,,,雌火竜の鱗
ツィツィ,ツィツィメイル,3,0,0,0,6,18,46,0,0,-3,-2,0,体術,1,,,,,,,,,眩鳥の皮
ウルムー,ウルムーメイル,3,0,0,0,6,20,48,-3,2,0,1,0,乗り名人,1,,,,,,,,,浮空竜の鱗
ギルオス,ギルオスメイル,3,0,0,0,8,20,48,0,-3,2,0,1,麻痺耐性,1,,,,,,,,,痺賊竜の皮
バルキン,バルキンメイル,3,0,0,0,8,24,52,0,2,0,-1,-2,睡眠耐性,1,,,,,,,,,骨鎚竜の鱗
インゴット,インゴットメイル,4,0,0,0,8,28,52,-2,0,3,-1,0,雷耐性,1,,,,,,,,,ドラグライト鉱石
デスギア,デスギアムスケル,4,0,0,0,6,32,56,3,2,-2,3,-4,不屈,1,,,,,,,,,禍々しい布
ブリゲイド,ブリゲイドスーツ,4,0,0,0,5,28,52,1,0,2,0,2,精霊の加護,1,,,,,,,,,闘技王のコイン
ギエナ,ギエナメイル,4,0,0,0,8,30,54,-1,2,-3,3,0,回避性能,1,風漂竜の恩恵,1,,,,,,,風漂竜の皮
ガロン,ガロンメイル,4,0,0,0,8,30,54,2,2,-2,-3,0,砥石使用高速化,1,惨爪竜の力,1,,,,,,,惨爪竜の硬筋
レウス,レウスメイル,4,0,0,0,8,30,54,3,1,-2,1,-3,弱点特効,1,火竜の力,1,,,,,,,火竜の鱗
ディアブロ,ディアブロメイル,4,0,0,0,8,32,56,3,-2,0,-3,2,ＫＯ術,1,角竜の力,1,,,,,,,角竜の甲殻
キリン,キリンベスト,4,0,0,0,8,34,58,-3,-2,4,-2,2,精霊の加護,1,幻獣の恩恵,1,,,,,,,幻獣の皮
ブロッサム,ブロッサムベスト,3,0,0,0,3,18,46,1,1,4,1,1,納刀術,1,,,,,,,,,開花チケット
ダイバー,ダイバースーツ,3,0,0,0,3,22,50,1,4,1,1,1,見切り,1,,,,,,,,,納涼チケット
ハーベスト,ハーベストトロンコ,3,0,0,0,6,26,54,4,1,1,1,1,耐震,1,,,,,,,,,豊穣チケット
オリオン,オリオンベスト,4,0,0,0,8,30,54,1,1,1,4,1,ひるみ軽減,1,,,,,,,,,煌めきチケット
フルドレス,フルドレススーツ,4,0,0,0,8,34,58,1,1,1,1,4,抜刀術【技】,1,アステラの祝福,1,,,,,,,感謝チケット
パピオム,パピオムペット,3,0,0,0,4,22,50,-1,-1,2,0,2,体力増強,1,,,,,,,,,昆虫図鑑【春】
クインビート,クインビートペット,3,0,0,0,4,22,50,-1,-1,2,0,2,体力増強,1,,,,,,,,,昆虫図鑑【春】
レザーα,レザーベストα,5,0,0,0,11,32,54,2,0,0,0,0,火耐性,1,,,,,,,,,カブレライト鉱石
レザーβ,レザーベストβ,5,1,0,0,11,32,54,2,0,0,0,0,,,,,,,,,,,カブレライト鉱石
チェーンα,チェーンベストα,5,0,0,0,11,32,54,0,2,0,0,0,水耐性,1,,,,,,,,,カブレライト鉱石
チェーンβ,チェーンベストβ,5,1,0,0,11,32,54,0,2,0,0,0,,,,,,,,,,,カブレライト鉱石
ハンターα,ハンターメイルα,5,0,0,0,11,36,58,2,2,0,0,0,スリンガー装填数ＵＰ,2,,,,,,,,,ジャグラスの上皮
ハンターβ,ハンターメイルβ,5,1,0,0,11,36,58,2,2,0,0,0,スリンガー装填数ＵＰ,1,,,,,,,,,ジャグラスの上皮
ボーンα,ボーンメイルα,5,0,0,0,11,36,58,2,0,2,0,2,攻撃,2,,,,,,,,,上質な堅骨
ボーンβ,ボーンメイルβ,5,1,0,0,11,36,58,2,0,2,0,2,攻撃,1,,,,,,,,,上質な堅骨
アロイα,アロイメイルα,5,0,0,0,11,36,58,-2,0,-2,-2,0,水耐性,2,,,,,,,,,カブレライト鉱石
アロイβ,アロイメイルβ,5,1,0,0,11,36,58,-2,0,-2,-2,0,水耐性,1,,,,,,,,,カブレライト鉱石
オウビートα,オウビートペットα,5,0,0,0,11,42,64,-1,-1,2,0,2,納刀術,2,植生学,1,,,,,,,オオツノアゲハ
オウビートβ,オウビートペットβ,5,1,0,0,11,42,64,-1,-1,2,0,2,納刀術,2,,,,,,,,,オオツノアゲハ
パピメルα,パピメルペットα,5,0,0,0,11,42,64,-1,-1,2,0,2,納刀術,2,植生学,1,,,,,,,オオツノアゲハ
パピメルβ,パピメルペットβ,5,1,0,0,11,42,64,-1,-1,2,0,2,納刀術,2,,,,,,,,,オオツノアゲハ
ランゴα,ランゴメイルα,5,0,0,0,11,38,60,-2,1,1,1,2,風圧耐性,2,,,,,,,,,ランゴスタの堅殻
ランゴβ,ランゴメイルβ,5,1,0,0,11,38,60,-2,1,1,1,2,風圧耐性,1,,,,,,,,,ランゴスタの堅殻
タロスα,タロスメイルα,5,0,0,0,11,38,60,-1,-1,0,0,2,瘴気環境適応,1,腹減り耐性,1,,,,,,,カンタロスの堅殻
タロスβ,タロスメイルβ,5,1,0,0,11,38,60,-1,-1,0,0,2,瘴気環境適応,1,,,,,,,,,カンタロスの堅殻
ジャグラスα,ジャグラスメイルα,5,0,0,0,11,40,62,-2,2,-1,-1,1,威嚇,2,,,,,,,,,賊竜の上皮
ジャグラスβ,ジャグラスメイルβ,5,1,0,0,11,40,62,-2,2,-1,-1,1,威嚇,1,,,,,,,,,賊竜の上皮
クルルα,クルルメイルα,5,0,0,0,11,40,62,0,-3,0,1,0,スタミナ急速回復,1,見切り,1,,,,,,,掻鳥の上皮
クルルβ,クルルメイルβ,5,1,0,0,11,40,62,0,-3,0,1,0,スタミナ急速回復,1,,,,,,,,,掻鳥の上皮
ツィツィα,ツィツィメイルα,5,0,0,0,11,40,62,0,0,-3,-2,0,体術,1,水属性攻撃強化,2,,,,,,,眩鳥の上皮
ツィツィβ,ツィツィメイルβ,5,1,1,0,11,40,62,0,0,-3,-2,0,体術,1,,,,,,,,,眩鳥の上皮
ギルオスα,ギルオスメイルα,5,0,0,0,11,40,62,0,-3,2,0,1,麻痺耐性,2,,,,,,,,,痺賊竜の上皮
ギルオスβ,ギルオスメイルβ,5,1,0,0,11,40,62,0,-3,2,0,1,麻痺耐性,1,,,,,,,,,痺賊竜の上皮
プケプケα,プケプケメイルα,5,0,0,0,11,42,64,0,3,-3,0,1,アイテム使用強化,1,植生学,1,,,,,,,毒妖鳥の上鱗
プケプケβ,プケプケメイルβ,5,1,0,0,11,42,64,0,3,-3,0,1,アイテム使用強化,1,,,,,,,,,毒妖鳥の上鱗
ボロスα,ボロスメイルα,5,0,0,0,11,42,64,-3,-1,3,-1,0,スタミナ奪取,2,,,,,,,,,土砂竜の堅殻
ボロスβ,ボロスメイルβ,5,1,0,0,11,42,64,-3,-1,3,-1,0,スタミナ奪取,1,,,,,,,,,土砂竜の堅殻
ジャナフα,ジャナフメイルα,5,0,0,0,11,44,66,3,-3,-1,-1,0,ランナー,1,特殊射撃強化,1,蛮顎竜の闘志,1,,,,,蛮顎竜の上毛皮
ジャナフβ,ジャナフメイルβ,5,1,1,0,11,44,66,3,-3,-1,-1,0,ランナー,1,蛮顎竜の闘志,1,,,,,,,蛮顎竜の上毛皮
ジュラα,ジュラメイルα,5,0,0,0,11,44,66,-1,2,-3,0,0,泥耐性,1,水属性攻撃強化,1,,,,,,,泥魚竜の上鱗
ジュラβ,ジュラメイルβ,5,1,0,0,11,44,66,-1,2,-3,0,0,泥耐性,1,,,,,,,,,泥魚竜の上鱗
カガチα,カガチメイルα,5,0,0,0,11,44,66,0,-3,3,0,0,ジャンプ鉄人,1,回避距離ＵＰ,1,,,,,,,飛雷竜の上毛皮
カガチβ,カガチメイルβ,5,2,0,0,11,44,66,0,-3,3,0,0,ジャンプ鉄人,1,,,,,,,,,飛雷竜の上毛皮
ウルムーα,ウルムーメイルα,5,0,0,0,11,44,66,-3,2,0,1,0,乗り名人,1,砲術,1,,,,,,,浮空竜の上鱗
ウルムーβ,ウルムーメイルβ,5,1,0,0,11,44,66,-3,2,0,1,0,乗り名人,1,,,,,,,,,浮空竜の上鱗
レイアα,レイアメイルα,5,0,0,0,11,46,68,2,0,-2,0,-3,植生学,2,体力回復量ＵＰ,1,,,,,,,雌火竜の上鱗
レイアβ,レイアメイルβ,5,1,0,0,11,46,68,2,0,-2,0,-3,植生学,1,体力回復量ＵＰ,1,,,,,,,雌火竜の上鱗
リオハートα,リオハートメイルα,6,0,0,0,13,52,72,3,0,-3,0,-4,整備,2,桜火竜の奥義,1,,,,,,,桜火竜の堅殻
リオハートβ,リオハートメイルβ,6,1,1,0,13,52,72,3,0,-3,0,-4,整備,1,桜火竜の奥義,1,,,,,,,桜火竜の堅殻
バルキンα,バルキンメイルα,6,0,0,0,11,46,66,0,2,0,-1,-2,睡眠属性強化,1,裂傷耐性,1,,,,,,,骨鎚竜の上鱗
バルキンβ,バルキンメイルβ,6,1,0,0,11,46,66,0,2,0,-1,-2,睡眠属性強化,1,,,,,,,,,骨鎚竜の上鱗
バルノスα,バルノスマントα,5,0,0,0,13,48,70,1,1,0,1,-2,熱ダメージ無効,1,防御力ＤＯＷＮ耐性,1,,,,,,,バルノスの上皮
バルノスβ,バルノスマントβ,5,1,0,0,13,48,70,1,1,0,1,-2,熱ダメージ無効,1,,,,,,,,,バルノスの上皮
ガマルα,ガマルメイルα,5,0,0,0,13,48,70,2,0,-3,0,2,爆破属性強化,2,,,,,,,,,岩賊竜の上皮
ガマルβ,ガマルメイルβ,5,1,0,0,13,48,70,2,0,-3,0,2,爆破属性強化,1,,,,,,,,,岩賊竜の上皮
ゾラマグナα,ゾラマグナハイドα,6,0,0,0,11,44,64,4,-3,-1,-2,-3,爆破属性強化,2,風圧耐性,1,熔山龍の奥義,1,,,,,熔山龍の岩殻
ゾラマグナβ,ゾラマグナハイドβ,6,2,0,0,11,44,64,4,-3,-1,-2,-3,爆破属性強化,2,熔山龍の奥義,1,,,,,,,熔山龍の岩殻
ハイメタα,ハイメタメイルα,6,0,0,0,13,50,70,0,-1,-2,3,0,耳栓,2,氷属性攻撃強化,1,,,,,,,ユニオン鉱石
ハイメタβ,ハイメタメイルβ,6,2,0,0,13,50,70,0,-1,-2,3,0,耳栓,1,氷属性攻撃強化,1,,,,,,,ユニオン鉱石
インゴットα,インゴットメイルα,6,0,0,0,13,50,70,-2,0,3,-1,0,雷耐性,2,,,,,,,,,ユニオン鉱石
インゴットβ,インゴットメイルβ,6,1,0,0,13,50,70,-2,0,3,-1,0,雷耐性,1,,,,,,,,,ユニオン鉱石
ブリゲイドα,ブリゲイドスーツα,6,2,0,0,13,52,72,1,0,2,0,2,精霊の加護,2,,,,,,,,,狩猟王のコイン
ブリゲイドβ,ブリゲイドスーツβ,6,2,2,0,13,52,72,1,0,2,0,2,精霊の加護,1,,,,,,,,,狩猟王のコイン
ラヴァα,ラヴァメイルα,6,0,0,0,13,56,76,3,-3,1,-2,2,火属性攻撃強化,2,熱ダメージ無効,1,,,,,,,溶岩竜の堅殻
ラヴァβ,ラヴァメイルβ,6,1,1,0,13,56,76,3,-3,1,-2,2,火属性攻撃強化,2,,,,,,,,,溶岩竜の堅殻
ギエナα,ギエナメイルα,6,0,0,0,13,54,74,-1,2,-3,3,0,回避性能,2,精霊の加護,1,風漂竜の恩寵,1,,,,,風漂竜の上皮
ギエナβ,ギエナメイルβ,6,1,0,0,13,54,74,-1,2,-3,3,0,回避性能,2,風漂竜の恩寵,1,,,,,,,風漂竜の上皮
ガロンα,ガロンメイルα,6,0,0,0,13,54,74,2,2,-2,-3,0,砥石使用高速化,2,裂傷耐性,1,惨爪竜の奥義,1,,,,,惨爪竜の大硬筋
ガロンβ,ガロンメイルβ,6,1,0,0,13,54,74,2,2,-2,-3,0,砥石使用高速化,2,惨爪竜の奥義,1,,,,,,,惨爪竜の大硬筋
レウスα,レウスメイルα,6,0,0,0,13,54,74,3,1,-2,1,-3,弱点特効,2,火属性攻撃強化,1,火竜の奥義,1,,,,,火竜の上鱗
レウスβ,レウスメイルβ,6,1,0,0,13,54,74,3,1,-2,1,-3,弱点特効,2,火竜の奥義,1,,,,,,,火竜の上鱗
リオソウルα,リオソウルメイルα,7,1,0,0,13,56,68,3,2,2,-3,-4,属性解放／装填拡張,1,威嚇,1,火竜の奥義,1,,,,,蒼火竜の上鱗
リオソウルβ,リオソウルメイルβ,7,2,0,0,13,56,68,3,2,2,-3,-4,属性解放／装填拡張,1,火竜の奥義,1,,,,,,,蒼火竜の上鱗
ディアブロα,ディアブロメイルα,6,0,0,0,13,54,74,3,-2,0,-3,2,ＫＯ術,2,火事場力,1,角竜の奥義,1,,,,,角竜の堅殻
ディアブロβ,ディアブロメイルβ,6,2,0,0,13,54,74,3,-2,0,-3,2,ＫＯ術,2,角竜の奥義,1,,,,,,,角竜の堅殻
ディアネロα,ディアネロメイルα,7,1,0,0,13,56,68,2,-3,0,-4,2,逆恨み,2,角竜の奥義,1,,,,,,,黒角竜の堅殻
ディアネロβ,ディアネロメイルβ,7,2,1,0,13,56,68,2,-3,0,-4,2,逆恨み,1,角竜の奥義,1,,,,,,,黒角竜の堅殻
ガンキンα,ガンキンメイルα,7,1,0,0,13,60,72,4,-3,1,-2,-2,破壊王,2,爆鎚竜の守護,1,,,,,,,爆鎚竜の堅殻
ガンキンβ,ガンキンメイルβ,7,3,0,0,13,60,72,4,-3,1,-2,-2,破壊王,1,爆鎚竜の守護,1,,,,,,,爆鎚竜の堅殻
バゼルα,バゼルメイルα,7,0,0,0,13,58,70,3,1,-4,-2,-2,ガード性能,2,爆破やられ耐性,2,爆鱗竜の守護,1,,,,,爆鱗竜の上鱗
バゼルβ,バゼルメイルβ,7,1,1,0,13,58,70,3,1,-4,-2,-2,ガード性能,2,爆鱗竜の守護,1,,,,,,,爆鱗竜の上鱗
ダマスクα,ダマスクメイルα,7,1,0,0,14,60,72,4,-2,0,0,0,集中,2,防御,2,,,,,,,古龍の血
ダマスクβ,ダマスクメイルβ,7,1,1,1,14,60,72,4,-2,0,0,0,集中,2,,,,,,,,,古龍の血
ドーベルα,ドーベルメイルα,7,1,0,0,14,60,72,-2,0,-1,-1,4,攻撃,2,キノコ大好き,1,,,,,,,古龍骨
ドーベルβ,ドーベルメイルβ,7,3,0,0,14,60,72,-2,0,-1,-1,4,攻撃,2,,,,,,,,,古龍骨
デスギアα,デスギアムスケルα,7,0,0,0,14,62,74,3,2,-2,3,-4,不屈,1,属性解放／装填拡張,1,,,,,,,禍々しい布
デスギアβ,デスギアムスケルβ,7,3,0,0,14,62,74,3,2,-2,3,-4,不屈,1,,,,,,,,,禍々しい布
オーグα,オーグメイルα,8,1,0,0,14,64,70,1,1,-3,1,-3,スタミナ急速回復,2,挑戦者,1,滅尽龍の飢餓,1,,,,,滅尽龍の堅殻
オーグβ,オーグメイルβ,8,2,1,0,14,64,70,1,1,-3,1,-3,スタミナ急速回復,2,滅尽龍の飢餓,1,,,,,,,滅尽龍の堅殻
カイザーα,カイザーメイルα,8,0,0,0,14,64,70,3,-3,1,-3,1,特殊射撃強化,2,力の解放,1,炎王龍の武技,1,,,,,炎王龍の堅殻
カイザーβ,カイザーメイルβ,8,1,1,0,14,64,70,3,-3,1,-3,1,特殊射撃強化,2,炎王龍の武技,1,,,,,,,炎王龍の堅殻
クシャナα,クシャナディールα,8,0,0,0,14,64,70,0,2,-3,4,-2,匠,2,集中,1,鋼龍の飛翔,1,,,,,鋼龍の堅殻
クシャナβ,クシャナディールβ,8,2,0,0,14,64,70,0,2,-3,4,-2,匠,2,鋼龍の飛翔,1,,,,,,,鋼龍の堅殻
ウルズα,ウルズメイルα,8,1,0,0,14,64,70,-4,4,1,-1,-3,回復速度,2,龍属性攻撃強化,1,屍套龍の命脈,1,,,,,屍套龍の堅殻
ウルズβ,ウルズメイルβ,8,1,1,0,14,64,70,-4,4,1,-1,-3,回復速度,2,屍套龍の命脈,1,,,,,,,屍套龍の堅殻
キリンα,キリンベストα,8,0,0,0,14,64,70,-3,-2,4,-2,2,精霊の加護,2,雷属性攻撃強化,1,幻獣の恩寵,1,,,,,幻獣の上皮
キリンβ,キリンベストβ,8,1,0,0,14,64,70,-3,-2,4,-2,2,精霊の加護,2,幻獣の恩寵,1,,,,,,,幻獣の上皮
ゼノラージα,ゼノラージハイドα,8,1,0,0,16,72,78,-3,2,2,2,-4,強化持続,2,属性やられ耐性,1,冥灯龍の神秘,1,,,,,冥灯龍の幽角
ゼノラージβ,ゼノラージハイドβ,8,1,1,0,16,72,78,-3,2,2,2,-4,強化持続,2,冥灯龍の神秘,1,,,,,,,冥灯龍の幽角
ギルドクロスα,ギルドクロススーツα,8,1,0,0,15,62,68,0,0,0,0,0,死中に活,1,氷耐性,2,ギルドの導き,1,,,,,撃龍王のコイン
ギルドクロスβ,ギルドクロススーツβ,8,3,0,0,15,62,68,0,0,0,0,0,死中に活,1,ギルドの導き,1,,,,,,,撃龍王のコイン
シーカーα,シーカーベストα,8,0,0,0,50,70,76,2,2,2,2,2,広域化,2,クライマー,1,調査団の導き,1,,,,,調査団チケット
シーカーβ,シーカーベストβ,8,1,0,0,50,70,76,2,2,2,2,2,広域化,2,調査団の導き,1,,,,,,,調査団チケット
バンギスα,バンギスメイルα,7,2,0,0,13,58,70,1,1,-3,2,-3,早食い,1,匠,1,,,,,,,恐暴竜の黒鱗
バンギスβ,バンギスメイルβ,7,3,0,0,13,58,70,1,1,-3,2,-3,早食い,1,,,,,,,,,恐暴竜の黒鱗
マムガイラα,マムガイラメイルα,8,1,0,0,16,72,78,4,-2,3,-4,-2,気絶耐性,2,超会心,2,,,,,,,爛輝龍の金鱗
マムガイラβ,マムガイラメイルβ,8,3,1,0,16,72,78,4,-2,3,-4,-2,気絶耐性,2,超会心,1,,,,,,,爛輝龍の金鱗
エンプレスα,エンプレスメイルα,8,1,1,0,16,70,76,3,1,1,-3,-2,フルチャージ,2,体力増強,1,炎妃龍の恩寵,1,,,,,炎妃龍の尖角
エンプレスβ,エンプレスメイルβ,8,1,1,1,16,70,76,3,1,1,-3,-2,フルチャージ,2,炎妃龍の恩寵,1,,,,,,,炎妃龍の尖角
ブロッサムα,ブロッサムベストα,5,1,1,0,11,40,62,1,1,4,1,1,納刀術,1,,,,,,,,,開花チケット
ダイバーα,ダイバースーツα,5,2,0,0,11,46,68,1,4,1,1,1,見切り,1,,,,,,,,,納涼チケット
ハーベストα,ハーベストトロンコα,6,2,1,0,13,52,72,4,1,1,1,1,耐震,1,,,,,,,,,豊穣チケット
オリオンα,オリオンベストα,6,3,0,0,13,58,78,1,1,1,4,1,ひるみ軽減,1,,,,,,,,,煌めきチケット
フルドレスα,フルドレススーツα,7,2,1,1,14,64,76,1,1,1,1,4,抜刀術【技】,1,アステラの祝福,1,,,,,,,感謝チケット
パピオムα,パピオムペットα,5,0,0,0,11,42,64,-1,-1,2,0,2,体力増強,2,気絶耐性,1,,,,,,,昆虫図鑑【夏】
パピオムβ,パピオムペットβ,5,1,0,0,11,42,64,-1,-1,2,0,2,体力増強,2,,,,,,,,,昆虫図鑑【夏】
クインビートα,クインビートペットα,5,0,0,0,11,42,64,-1,-1,2,0,2,体力増強,2,気絶耐性,1,,,,,,,昆虫図鑑【夏】
クインビートβ,クインビートペットβ,5,1,0,0,11,42,64,-1,-1,2,0,2,体力増強,2,,,,,,,,,昆虫図鑑【夏】
ウルズγ,ウルズメイルγ,8,3,0,0,50,72,78,-4,4,1,-1,-3,フルチャージ,1,体力回復量ＵＰ,1,屍套龍の命脈,1,,,,,屍套龍チケット
キリンγ,キリンベストγ,8,1,1,0,50,72,78,-3,-2,4,-2,2,属性解放／装填拡張,2,幻獣の恩寵,1,,,,,,,幻獣チケット
カイザーγ,カイザーメイルγ,8,2,0,0,50,72,78,3,-3,1,-3,1,力の解放,2,弱点特効,1,炎王龍の武技,1,,,,,炎王龍チケット
クシャナγ,クシャナディールγ,8,2,0,0,50,72,78,0,2,-3,4,-2,氷属性攻撃強化,3,回避距離ＵＰ,1,鋼龍の飛翔,1,,,,,鋼龍チケット
オーグγ,オーグメイルγ,8,3,2,1,50,72,78,1,1,-3,1,-3,渾身,1,滅尽龍の飢餓,1,,,,,,,滅尽龍チケット
ゾラマグナγ,ゾラマグナハイドγ,8,1,1,1,50,72,78,4,-3,-1,-2,-3,耐震,2,熔山龍の奥義,1,,,,,,,熔山龍チケット
ゼノラージγ,ゼノラージハイドγ,8,1,1,0,50,72,78,-3,2,2,2,-4,ひるみ軽減,2,冥灯龍の神秘,1,,,,,,,冥灯龍チケット
エンプレスγ,エンプレスメイルγ,8,3,0,0,50,70,76,3,1,1,-3,-2,耳栓,2,整備,1,炎妃龍の恩寵,1,,,,,炎妃龍チケット
マムガイラγ,マムガイラメイルγ,8,1,0,0,16,72,78,4,-2,3,-4,-2,匠,2,挑戦者,1,,,,,,,爛輝龍の皇金塊
蒼星ノ将α,蒼星ノ将【鎧】α,7,2,0,0,13,56,68,2,2,0,0,3,匠,1,火竜の奥義,1,,,,,,,蒼星の宝玉
ダンテα,ダンテコートα,8,3,0,0,14,64,70,3,-3,3,-3,3,回避性能,1,見切り,1,,,,,,,レッドオーブ
ドラケンα,ドラケンメイルα,8,3,0,0,16,72,78,-2,-2,3,-2,4,見切り,2,超会心,1,竜騎士の証,1,,,,,魔獣のたてがみ
オリジン,オリジンメイル,1,0,0,0,1,6,42,0,0,0,0,0,,,,,,,,,,,※特典
ガーディアンα,ガーディアンスーツα,6,0,0,0,1,50,70,2,0,0,2,3,ランナー,1,体力回復量ＵＰ,1,,,,,,,※配布
アーロイα,アーロイボディα,5,1,1,0,11,46,68,1,1,1,1,1,ランナー,2,蛮顎竜の闘志,1,,,,,,,※ワンセット
アーロイγ,アーロイボディγ,8,1,1,0,50,64,70,1,1,1,1,1,ランナー,2,滑走強化,1,蛮顎竜の闘志,1,,,,,※ワンセット
リュウ,リュウボディ,2,0,0,0,3,12,44,2,0,5,-3,2,体力増強,1,,,,,,,,,※ワンセット
リュウα,リュウボディα,7,1,1,0,14,60,72,2,0,5,-3,2,体力増強,1,死中に活,1,火竜の奥義,1,,,,,※ワンセット
さくらα,さくらボディα,6,1,1,0,13,50,70,0,4,0,4,-2,スタミナ急速回復,1,死中に活,1,桜火竜の奥義,1,,,,,※ワンセット
ゲラルトα,ゲラルトボディα,8,1,1,0,16,70,76,2,1,-2,-1,3,体力増強,3,攻撃,2,ウィッチャーの心得,1,,,,,※ワンセット
シリα,シリボディα,8,3,0,0,50,70,76,-2,-1,2,1,3,回避性能,2,精霊の加護,2,,,,,,,※ワンセット
防衛隊α,防衛隊【鎧】α,6,0,0,0,1,50,70,2,0,0,2,3,ランナー,1,体力回復量ＵＰ,1,,,,,,,※武具屋購入
EXボーンα,EXボーンメイルα,9,2,0,0,M1,114,152,2,0,2,0,2,攻撃,2,体力増強,1,,,,,,,頑強な重骨
EXボーンβ,EXボーンメイルβ,9,4,1,0,M1,114,152,2,0,2,0,2,攻撃,1,,,,,,,,,頑強な重骨
EXアロイα,EXアロイメイルα,9,3,0,0,M1,114,152,-2,0,-2,-2,0,水耐性,2,防御,1,,,,,,,エルトライト鉱石
EXアロイβ,EXアロイメイルβ,9,4,1,0,M1,114,152,-2,0,-2,-2,0,水耐性,1,,,,,,,,,エルトライト鉱石
EXランゴα,EXランゴメイルα,9,2,1,0,M1,116,154,-2,1,1,1,2,風圧耐性,2,,,,,,,,,ランゴスタの斬羽
EXランゴβ,EXランゴメイルβ,9,4,1,0,M1,116,154,-2,1,1,1,2,風圧耐性,1,,,,,,,,,ランゴスタの斬羽
EXタロスα,EXタロスメイルα,9,2,1,0,M1,116,154,-1,-1,0,0,2,瘴気環境適応,1,腹減り耐性,2,,,,,,,カンタロスの斬羽
EXタロスβ,EXタロスメイルβ,9,4,2,1,M1,116,154,-1,-1,0,0,2,瘴気環境適応,1,,,,,,,,,カンタロスの斬羽
EXバルノスα,EXバルノスマントα,9,2,2,0,M1,116,154,1,1,0,1,-2,熱ダメージ無効,1,防御力ＤＯＷＮ耐性,2,,,,,,,バルノスの剛爪
EXバルノスβ,EXバルノスマントβ,9,4,2,0,M1,116,154,1,1,0,1,-2,熱ダメージ無効,1,防御力ＤＯＷＮ耐性,1,,,,,,,バルノスの剛爪
EXコルトスα,EXコルトスマントα,9,1,1,0,M1,116,154,-3,2,0,2,0,腹減り耐性,2,ジャンプ鉄人,1,,,,,,,コルトスの剛爪
EXコルトスβ,EXコルトスマントβ,9,4,0,0,M1,116,154,-3,2,0,2,0,腹減り耐性,1,ジャンプ鉄人,1,,,,,,,コルトスの剛爪
EXジャグラスα,EXジャグラスメイルα,9,3,0,0,M1,116,154,-2,2,-1,-1,1,回避距離ＵＰ,1,攻撃,2,,,,,,,賊竜の厚皮
EXジャグラスβ,EXジャグラスメイルβ,9,4,0,0,M1,116,154,-2,2,-1,-1,1,回避距離ＵＰ,1,攻撃,1,,,,,,,賊竜の厚皮
EXツィツィα,EXツィツィメイルα,9,1,1,0,M1,116,154,0,0,-3,-2,0,体術,2,水属性攻撃強化,2,,,,,,,眩鳥の厚皮
EXツィツィβ,EXツィツィメイルβ,9,4,1,0,M1,116,154,0,0,-3,-2,0,体術,1,水属性攻撃強化,1,,,,,,,眩鳥の厚皮
EXギルオスα,EXギルオスメイルα,9,2,0,0,M1,116,154,0,-3,2,0,1,麻痺耐性,2,属性解放／装填拡張,1,,,,,,,痺賊竜の厚皮
EXギルオスβ,EXギルオスメイルβ,9,4,2,0,M1,116,154,0,-3,2,0,1,麻痺耐性,2,,,,,,,,,痺賊竜の厚皮
EXガマルα,EXガマルメイルα,9,2,0,0,M1,120,158,2,0,-3,0,2,爆破属性強化,2,砲術,1,,,,,,,岩賊竜の厚皮
EXガマルβ,EXガマルメイルβ,9,4,0,0,M1,120,158,2,0,-3,0,2,爆破属性強化,2,,,,,,,,,岩賊竜の厚皮
EXクルルα,EXクルルメイルα,9,2,0,0,M1,116,154,0,-3,0,1,0,スタミナ急速回復,1,見切り,2,,,,,,,掻鳥の厚皮
EXクルルβ,EXクルルメイルβ,9,4,0,0,M1,116,154,0,-3,0,1,0,スタミナ急速回復,1,見切り,1,,,,,,,掻鳥の厚皮
EXプケプケα,EXプケプケメイルα,9,2,0,0,M1,118,156,0,3,-3,0,1,アイテム使用強化,2,フルチャージ,1,,,,,,,毒妖鳥の重殻
EXプケプケβ,EXプケプケメイルβ,9,4,0,0,M1,118,156,0,3,-3,0,1,アイテム使用強化,1,フルチャージ,1,,,,,,,毒妖鳥の重殻
EXプケラグーナα,EXプケラグーナメイルα,9,2,0,0,M4,132,170,0,3,-2,-3,0,強化持続,1,抜刀術【技】,1,,,,,,,水妖鳥の重殻
EXプケラグーナβ,EXプケラグーナメイルβ,9,4,1,0,M4,132,170,0,3,-2,-3,0,強化持続,1,,,,,,,,,水妖鳥の重殻
EXボロスα,EXボロスメイルα,9,1,1,0,M1,118,156,-3,-1,3,-1,0,スタミナ奪取,2,挑戦者,1,,,,,,,土砂竜の重甲
EXボロスβ,EXボロスメイルβ,9,4,1,0,M1,118,156,-3,-1,3,-1,0,スタミナ奪取,2,,,,,,,,,土砂竜の重甲
EXジュラα,EXジュラメイルα,9,2,0,0,M1,118,156,-1,2,-3,0,0,力の解放,1,水属性攻撃強化,2,,,,,,,泥魚竜の重殻
EXジュラβ,EXジュラメイルβ,9,4,0,0,M1,118,156,-1,2,-3,0,0,力の解放,1,水属性攻撃強化,1,,,,,,,泥魚竜の重殻
EXブランα,EXブランメイルα,9,3,0,0,M1,118,156,-3,0,-2,3,2,スタミナ急速回復,1,氷属性攻撃強化,2,,,,,,,凍魚竜の重殻
EXブランβ,EXブランメイルβ,9,4,2,0,M1,118,156,-3,0,-2,3,2,スタミナ急速回復,1,,,,,,,,,凍魚竜の重殻
EXカガチα,EXカガチメイルα,9,2,1,0,M1,120,158,0,-3,3,0,0,ジャンプ鉄人,1,体術,1,,,,,,,飛雷竜の厚毛皮
EXカガチβ,EXカガチメイルβ,9,4,2,0,M1,120,158,0,-3,3,0,0,ジャンプ鉄人,1,,,,,,,,,飛雷竜の厚毛皮
EXベニカガチα,EXベニカガチメイルα,9,1,1,0,M3,132,148,1,3,-3,-2,1,納刀術,1,回避距離ＵＰ,1,,,,,,,飛毒竜の厚毛皮
EXベニカガチβ,EXベニカガチメイルβ,9,4,1,0,M3,132,148,1,3,-3,-2,1,納刀術,1,,,,,,,,,飛毒竜の厚毛皮
EXハイメタα,EXハイメタメイルα,9,2,0,0,M1,128,166,0,-1,-2,3,0,耳栓,2,氷属性攻撃強化,1,,,,,,,デプスライト鉱石
EXハイメタβ,EXハイメタメイルβ,9,4,1,0,M1,128,166,0,-1,-2,3,0,耳栓,1,氷属性攻撃強化,1,,,,,,,デプスライト鉱石
EXバフバロα,EXバフバロメイルα,9,3,0,0,M3,130,168,-2,2,-1,3,-3,早食い,1,攻めの守勢,1,,,,,,,猛牛竜の重甲
EXバフバロβ,EXバフバロメイルβ,9,4,1,0,M3,130,168,-2,2,-1,3,-3,早食い,1,,,,,,,,,猛牛竜の重甲
EXジャナフα,EXジャナフメイルα,9,1,1,0,M4,132,170,3,-3,-1,-1,0,ランナー,2,特殊射撃強化,1,蛮顎竜の覇気,1,,,,,蛮顎竜の厚毛皮
EXジャナフβ,EXジャナフメイルβ,9,4,1,0,M4,132,170,3,-3,-1,-1,0,ランナー,1,特殊射撃強化,1,蛮顎竜の覇気,1,,,,,蛮顎竜の厚毛皮
EXジャナールα,EXジャナールメイルα,11,3,0,0,M13,146,170,-1,-1,2,-3,0,ひるみ軽減,1,気絶耐性,2,蛮顎竜の覇気,1,,,,,雷顎竜の厚毛皮
EXジャナールβ,EXジャナールメイルβ,11,4,0,0,M13,146,170,-1,-1,2,-3,0,ひるみ軽減,1,気絶耐性,1,蛮顎竜の覇気,1,,,,,雷顎竜の厚毛皮
EXレイアα,EXレイアメイルα,9,2,2,0,M4,130,168,2,0,-2,0,-3,植生学,2,体力回復量ＵＰ,1,雌火竜の真髄,1,,,,,雌火竜の重殻
EXレイアβ,EXレイアメイルβ,9,4,2,0,M4,130,168,2,0,-2,0,-3,植生学,1,体力回復量ＵＰ,1,雌火竜の真髄,1,,,,,雌火竜の重殻
EXリオハートα,EXリオハートメイルα,9,2,0,0,M6,132,170,3,0,-3,0,-4,整備,2,匠,1,雌火竜の真髄,1,,,,,桜火竜の重殻
EXリオハートβ,EXリオハートメイルβ,9,4,1,1,M6,132,170,3,0,-3,0,-4,整備,2,雌火竜の真髄,1,,,,,,,桜火竜の重殻
EXウルムーα,EXウルムーメイルα,9,3,1,0,M4,130,168,-3,2,0,1,0,乗り名人,1,砲術,1,,,,,,,浮空竜の厚毛皮
EXウルムーβ,EXウルムーメイルβ,9,4,1,0,M4,130,168,-3,2,0,1,0,乗り名人,1,,,,,,,,,浮空竜の厚毛皮
EXウルムメアα,EXウルムメアメイルα,9,2,0,0,M4,132,170,-3,-3,2,1,1,広域化,2,渾身,1,,,,,,,浮眠竜の厚毛皮
EXウルムメアβ,EXウルムメアメイルβ,9,4,1,0,M4,132,170,-3,-3,2,1,1,広域化,2,,,,,,,,,浮眠竜の厚毛皮
EXバルキンα,EXバルキンメイルα,9,3,0,0,M4,134,172,0,2,0,-1,-2,睡眠属性強化,1,裂傷耐性,1,,,,,,,骨鎚竜の重殻
EXバルキンβ,EXバルキンメイルβ,9,4,0,0,M4,134,172,0,2,0,-1,-2,睡眠属性強化,1,,,,,,,,,骨鎚竜の重殻
EXアーティアα,EXアーティアメイルα,10,1,0,0,,142,174,1,-2,-2,2,3,見切り,3,フルチャージ,1,太古の神秘,1,,,,,太古の破片
EXアーティアβ,EXアーティアメイルβ,10,4,0,0,,142,174,1,-2,-2,2,3,見切り,2,フルチャージ,1,太古の神秘,1,,,,,太古の破片
EXアークロックα,EXアークロックメイルα,10,1,1,0,,142,174,2,2,2,-1,-1,挑戦者,2,特殊射撃強化,1,調査団の錬金術,1,,,,,スチームチケット
EXアークロックβ,EXアークロックメイルβ,10,4,1,0,,142,174,2,2,2,-1,-1,挑戦者,2,調査団の錬金術,1,,,,,,,スチームチケット
EXインゴットα,EXインゴットメイルα,10,3,0,0,M6,136,168,-2,0,3,-1,0,雷耐性,2,属性解放／装填拡張,1,,,,,,,メランジェ鉱石
EXインゴットβ,EXインゴットメイルβ,10,4,0,0,M6,136,168,-2,0,3,-1,0,雷耐性,1,属性解放／装填拡張,1,,,,,,,メランジェ鉱石
EXベリオα,EXベリオメイルα,10,3,0,0,M6,138,170,-3,2,-2,3,0,強化持続,1,体術,1,氷牙竜の秘技,1,,,,,氷牙竜の厚毛皮
EXベリオβ,EXベリオメイルβ,10,4,1,0,M6,138,170,-3,2,-2,3,0,強化持続,1,氷牙竜の秘技,1,,,,,,,氷牙竜の厚毛皮
EXレウスα,EXレウスメイルα,10,1,1,0,M7,140,172,3,1,-2,1,-3,弱点特効,2,火属性攻撃強化,1,火竜の真髄,1,,,,,火竜の重殻
EXレウスβ,EXレウスメイルβ,10,4,0,0,M7,140,172,3,1,-2,1,-3,弱点特効,2,火竜の真髄,1,,,,,,,火竜の重殻
EXリオソウルα,EXリオソウルメイルα,11,2,0,0,M13,148,172,3,2,2,-3,-4,属性解放／装填拡張,1,破壊王,1,火竜の真髄,1,,,,,蒼火竜の重殻
EXリオソウルβ,EXリオソウルメイルβ,11,4,1,0,M13,148,172,3,2,2,-3,-4,属性解放／装填拡張,1,火竜の真髄,1,,,,,,,蒼火竜の重殻
EXディアブロα,EXディアブロメイルα,10,2,0,0,M7,140,180,3,-2,0,-3,2,ＫＯ術,2,火事場力,2,角竜の覇気,1,,,,,角竜の重甲
EXディアブロβ,EXディアブロメイルβ,10,4,1,0,M7,140,180,3,-2,0,-3,2,ＫＯ術,2,火事場力,1,角竜の覇気,1,,,,,角竜の重甲
EXディアネロα,EXディアネロメイルα,11,2,0,0,M13,148,172,2,-3,0,-4,2,逆恨み,2,ランナー,1,角竜の覇気,1,,,,,黒角竜の重甲
EXディアネロβ,EXディアネロメイルβ,11,4,1,0,M13,148,172,2,-3,0,-4,2,逆恨み,1,ランナー,1,角竜の覇気,1,,,,,黒角竜の重甲
EXギエナα,EXギエナメイルα,10,1,0,0,M7,140,170,-1,2,-3,3,0,回避性能,2,精霊の加護,2,風漂竜の覇気,1,,,,,風漂竜の厚皮
EXギエナβ,EXギエナメイルβ,10,4,0,0,M7,140,170,-1,2,-3,3,0,回避性能,2,精霊の加護,1,風漂竜の覇気,1,,,,,風漂竜の厚皮
EXブリーナα,EXブリーナメイルα,11,1,1,0,M12,146,170,-3,2,-1,3,0,集中,2,ランナー,1,風漂竜の覇気,1,,,,,氷霜をまとう皮
EXブリーナβ,EXブリーナメイルβ,11,4,0,0,M12,146,170,-3,2,-1,3,0,集中,2,風漂竜の覇気,1,,,,,,,氷霜をまとう皮
EXガロンα,EXガロンメイルα,10,3,0,0,M7,140,172,2,2,-2,-3,0,砥石使用高速化,2,裂傷耐性,1,惨爪竜の真髄,1,,,,,惨爪竜の強硬筋
EXガロンβ,EXガロンメイルβ,10,4,1,0,M7,140,172,2,2,-2,-3,0,砥石使用高速化,2,惨爪竜の真髄,1,,,,,,,惨爪竜の強硬筋
EXデスガロンα,EXデスガロンメイルα,11,2,0,0,M14,148,172,-2,-3,-2,-2,4,見切り,3,龍耐性,2,惨爪竜の真髄,1,,,,,兇爪竜の強硬筋
EXデスガロンβ,EXデスガロンメイルβ,11,4,1,0,M14,148,172,-2,-3,-2,-2,4,見切り,2,龍耐性,1,惨爪竜の真髄,1,,,,,兇爪竜の強硬筋
EXラヴァα,EXラヴァメイルα,10,1,1,0,M7,140,172,3,-3,1,-2,2,火属性攻撃強化,3,熱ダメージ無効,1,,,,,,,溶岩竜の重殻
EXラヴァβ,EXラヴァメイルβ,10,4,1,0,M7,140,172,3,-3,1,-2,2,火属性攻撃強化,2,熱ダメージ無効,1,,,,,,,溶岩竜の重殻
EXガンキンα,EXガンキンメイルα,10,3,0,0,M7,144,176,4,-3,1,-2,-2,破壊王,2,爆破やられ耐性,1,爆鎚竜の覇気,1,,,,,爆鎚竜の重殻
EXガンキンβ,EXガンキンメイルβ,10,4,0,0,M7,144,176,4,-3,1,-2,-2,破壊王,2,爆鎚竜の覇気,1,,,,,,,爆鎚竜の重殻
EXナルガα,EXナルガメイルα,10,2,0,0,M7,140,172,-2,2,-3,0,0,回避性能,2,しゃがみ移動速度ＵＰ,1,迅竜の真髄,1,,,,,迅竜の豪黒毛
EXナルガβ,EXナルガメイルβ,10,4,0,0,M7,140,172,-2,2,-3,0,0,回避性能,2,迅竜の真髄,1,,,,,,,迅竜の豪黒毛
EXディノα,EXディノメイルα,10,1,0,0,M7,142,174,3,-3,1,-1,-1,強化持続,2,渾身,1,斬竜の真髄,1,,,,,斬竜の重殻
EXディノβ,EXディノメイルβ,10,4,0,0,M7,142,174,3,-3,1,-1,-1,強化持続,1,渾身,1,斬竜の真髄,1,,,,,斬竜の重殻
EXディノイエロα,EXディノイエロメイルα,11,1,0,0,M14,150,174,-3,2,-1,2,-1,匠,2,スタミナ急速回復,1,斬竜の真髄,1,,,,,硫斬竜の重殻
EXディノイエロβ,EXディノイエロメイルβ,11,4,1,0,M14,150,174,-3,2,-1,2,-1,匠,1,スタミナ急速回復,1,斬竜の真髄,1,,,,,硫斬竜の重殻
EXブラキα,EXブラキメイルα,10,1,0,0,M9,142,174,3,-2,1,-3,1,スタミナ奪取,2,挑戦者,1,砕竜の真髄,1,,,,,砕竜の重黒曜甲
EXブラキβ,EXブラキメイルβ,10,4,0,0,M9,142,174,3,-2,1,-3,1,スタミナ奪取,1,挑戦者,1,砕竜の真髄,1,,,,,砕竜の重黒曜甲
EXレックスα,EXレックスメイルα,10,2,0,0,M9,142,174,2,0,-3,0,-2,耳栓,2,満足感,1,轟竜の真髄,1,,,,,轟竜の重殻
EXレックスβ,EXレックスメイルβ,10,4,1,0,M9,142,174,2,0,-3,0,-2,耳栓,2,轟竜の真髄,1,,,,,,,轟竜の重殻
EXレックスロアα,EXレックスロアメイルα,11,3,0,0,M70,156,182,3,-4,-2,0,0,攻撃,3,弱点特効,1,轟竜の真髄,1,,,,,黒轟竜の重殻
EXレックスロアβ,EXレックスロアメイルβ,11,4,1,0,M70,156,182,3,-4,-2,0,0,攻撃,2,弱点特効,1,轟竜の真髄,1,,,,,黒轟竜の重殻
EXクロオビα,EXクロオビメイルα,11,1,1,1,,150,174,1,1,1,1,2,キノコ大好き,2,広域化,1,教官の導き,1,,,,,クロオビコイン
EXクロオビβ,EXクロオビメイルβ,11,4,1,1,,150,174,1,1,1,1,2,キノコ大好き,2,教官の導き,1,,,,,,,クロオビコイン
EXドーベルα,EXドーベルメイルα,11,1,1,1,M17,152,176,-2,0,-1,-1,4,攻撃,2,瘴気耐性,1,,,,,,,太古龍骨
EXドーベルβ,EXドーベルメイルβ,11,4,1,1,M17,152,176,-2,0,-1,-1,4,攻撃,1,瘴気耐性,1,,,,,,,太古龍骨
EXダマスクα,EXダマスクメイルα,11,3,1,0,M17,152,176,4,-2,0,0,0,集中,2,防御,2,,,,,,,古龍の浄血
EXダマスクβ,EXダマスクメイルβ,11,4,2,1,M17,152,176,4,-2,0,0,0,集中,2,,,,,,,,,古龍の浄血
EXプライドα,EXプライドメイルα,11,1,1,0,M18,154,178,3,1,-2,-4,-2,ガード性能,2,爆破やられ耐性,2,爆鱗竜の覇気,1,,,,,紅蓮にゆれる銀殻
EXプライドβ,EXプライドメイルβ,11,4,1,1,M18,154,178,3,1,-2,-4,-2,ガード性能,2,爆鱗竜の覇気,1,,,,,,,紅蓮にゆれる銀殻
EXグリードα,EXグリードメイルα,11,2,0,0,M21,156,180,2,1,-3,1,-3,早食い,1,匠,2,恐暴竜の真髄,1,,,,,恐暴竜の厚黒皮
EXグリードβ,EXグリードメイルβ,11,4,2,2,M21,156,180,2,1,-3,1,-3,早食い,1,恐暴竜の真髄,1,,,,,,,恐暴竜の厚黒皮
EXラヴィーナα,EXラヴィーナメイルα,12,1,0,0,M17,154,178,-3,2,-1,4,-1,納刀術,2,抜刀術【技】,1,冰龍の神秘,1,,,,,冰龍の重殻
EXラヴィーナβ,EXラヴィーナメイルβ,12,4,1,0,M17,154,178,-3,2,-1,4,-1,納刀術,2,冰龍の神秘,1,,,,,,,冰龍の重殻
EXヴァルファーα,EXヴァルファーメイルα,12,3,1,0,M19,156,180,-2,4,1,1,-3,回復速度,2,龍属性攻撃強化,2,屍套龍の霊脈,1,,,,,屍套龍の重殻
EXヴァルファーβ,EXヴァルファーメイルβ,12,4,2,0,M19,156,180,-2,4,1,1,-3,回復速度,2,龍属性攻撃強化,1,屍套龍の霊脈,1,,,,,屍套龍の重殻
EXカイザーα,EXカイザーメイルα,12,2,1,0,M19,156,180,3,-3,1,-3,1,力の解放,1,特殊射撃強化,2,炎王龍の武技,1,,,,,炎王龍の重殻
EXカイザーβ,EXカイザーメイルβ,12,4,1,1,M19,156,180,3,-3,1,-3,1,力の解放,1,炎王龍の武技,1,,,,,,,炎王龍の重殻
EXクシャナα,EXクシャナディールα,12,1,0,0,M19,156,180,0,2,-3,4,-2,匠,3,鋼龍の飛翔,1,,,,,,,鋼龍の重殻
EXクシャナβ,EXクシャナディールβ,12,4,2,0,M19,156,180,0,2,-3,4,-2,匠,2,鋼龍の飛翔,1,,,,,,,鋼龍の重殻
EXキリンα,EXキリンベストα,12,3,2,0,M19,154,172,-3,-2,4,-2,2,見切り,3,精霊の加護,1,幻獣の神秘,1,,,,,幻獣の銀たてがみ
EXキリンβ,EXキリンベストβ,12,4,2,0,M19,154,172,-3,-2,4,-2,2,見切り,2,精霊の加護,1,幻獣の神秘,1,,,,,幻獣の銀たてがみ
EXテンタクルα,EXテンタクルメイルα,12,2,2,0,M20,158,176,-3,4,3,0,-2,属性やられ耐性,2,整備,1,溟龍の神秘,1,,,,,溟龍の特上皮
EXテンタクルβ,EXテンタクルメイルβ,12,4,2,0,M20,158,176,-3,4,3,0,-2,属性やられ耐性,1,整備,1,溟龍の神秘,1,,,,,溟龍の特上皮
EXギルドパレスα,EXギルドパレスメイルα,11,1,1,0,M70,154,178,1,2,2,1,1,挑戦者,2,火事場力,1,ギルドの見識,1,,,,,英雄王のコイン
EXギルドパレスβ,EXギルドパレスメイルβ,11,4,2,0,M70,154,178,1,2,2,1,1,挑戦者,1,火事場力,1,ギルドの見識,1,,,,,英雄王のコイン
EXアンガルダα,EXアンガルダメイルα,12,3,2,0,M23,162,180,0,-2,3,-3,0,災禍転福,2,体力増強,1,地啼龍の神秘,1,,,,,地啼龍の厳岩殻
EXアンガルダβ,EXアンガルダメイルβ,12,4,2,0,M23,162,180,0,-2,3,-3,0,災禍転福,2,地啼龍の神秘,1,,,,,,,地啼龍の厳岩殻
EXゾラマグナα,EXゾラマグナハイドα,12,3,1,0,M24,160,178,4,-3,-1,-2,-3,耐震,2,砲術,2,熔山龍の真髄,1,,,,,龍脈の重竜骨
EXゾラマグナβ,EXゾラマグナハイドβ,12,4,2,0,M24,160,178,4,-3,-1,-2,-3,耐震,2,熔山龍の真髄,1,,,,,,,龍脈の重竜骨
EXガルルガα,EXガルルガメイルα,11,1,0,0,M24,154,178,2,-3,2,-2,-2,耳栓,2,見切り,2,,,,,,,黒狼鳥の重殻
EXガルルガβ,EXガルルガメイルβ,11,4,0,0,M24,154,178,2,-3,2,-2,-2,耳栓,1,見切り,2,,,,,,,黒狼鳥の重殻
EXジンオウα,EXジンオウメイルα,11,3,0,0,M24,158,182,-1,-1,4,-4,1,力の解放,3,通常弾・通常矢強化,1,雷狼竜の真髄,1,,,,,雷狼竜の雷電毛
EXジンオウβ,EXジンオウメイルβ,11,4,0,0,M24,158,182,-1,-1,4,-4,1,力の解放,3,雷狼竜の真髄,1,,,,,,,雷狼竜の雷電毛
EXギルドワークα,EXギルドワークボディα,12,3,1,1,M24,162,180,2,1,1,2,2,クライマー,1,ひるみ軽減,1,ギルドの見識,1,,,,,調査団チケットG
EXギルドワークβ,EXギルドワークボディβ,12,4,2,2,M24,162,180,2,1,1,2,2,クライマー,1,ギルドの見識,1,,,,,,,調査団チケットG
EXゴールドルナα,EXゴールドルナメイルα,12,3,1,0,M70,162,180,3,-2,-4,0,4,精霊の加護,2,逆恨み,1,金火竜の真髄,1,,,,,金火竜の重殻
EXゴールドルナβ,EXゴールドルナメイルβ,12,4,2,1,M70,162,180,3,-2,-4,0,4,精霊の加護,2,金火竜の真髄,1,,,,,,,金火竜の重殻
EXシルバーソルα,EXシルバーソルメイルα,12,1,0,0,M70,162,180,4,-3,-2,-2,3,超会心,2,火属性攻撃強化,2,銀火竜の真髄,1,,,,,銀火竜の重殻
EXシルバーソルβ,EXシルバーソルメイルβ,12,4,0,0,M70,162,180,4,-3,-2,-2,3,超会心,2,銀火竜の真髄,1,,,,,,,銀火竜の重殻
EXエンプレスα,EXエンプレスメイルα,12,2,0,0,M50,164,182,3,1,1,-3,-2,フルチャージ,2,広域化,2,炎妃龍の真髄,1,,,,,炎妃龍の重殻
EXエンプレスβ,EXエンプレスメイルβ,12,4,1,0,M50,164,182,3,1,1,-3,-2,フルチャージ,1,広域化,2,炎妃龍の真髄,1,,,,,炎妃龍の重殻
EXゾークα,EXゾークメイルα,12,2,2,0,M100,166,184,1,1,-3,1,-3,スタミナ急速回復,2,渾身,1,滅尽龍の覇気,1,,,,,滅尽龍の重殻
EXゾークβ,EXゾークメイルβ,12,4,2,0,M100,166,184,1,1,-3,1,-3,スタミナ急速回復,2,滅尽龍の覇気,1,,,,,,,滅尽龍の重殻
EX金色α,EX金色ノ羽織α,11,3,1,0,M24,158,182,2,0,3,-5,2,逆恨み,2,砥石使用高速化,2,金獅子の怒気,1,,,,,金獅子の黒荒毛
EX金色β,EX金色ノ羽織β,11,4,1,1,M24,158,182,2,0,3,-5,2,逆恨み,2,金獅子の怒気,1,,,,,,,金獅子の黒荒毛
EX斉天α,EX斉天ノ衣α,12,1,0,0,M24,170,188,2,0,3,-5,2,渾身,3,耳栓,2,金獅子の闘志,1,,,,,金獅子の怒髪天
EX斉天β,EX斉天ノ衣β,12,4,2,0,M24,170,188,2,0,3,-5,2,渾身,3,金獅子の闘志,1,,,,,,,金獅子の怒髪天
EXゴクオウα,EXゴクオウメイルα,11,2,0,0,M24,160,184,2,-4,-5,0,4,風圧耐性,3,ひるみ軽減,2,雷狼竜の真髄,1,,,,,獄狼竜の滅龍毛
EXゴクオウβ,EXゴクオウメイルβ,11,4,0,0,M24,160,184,2,-4,-5,0,4,風圧耐性,3,ひるみ軽減,1,雷狼竜の真髄,1,,,,,獄狼竜の滅龍毛
EX龍紋α,EX龍紋ヲ刻マレシ封鎧α,12,3,2,0,M24,168,186,2,1,1,1,-1,属性やられ耐性,2,超会心,1,赤龍の封印,1,,,,,赤龍の重殻
EX龍紋β,EX龍紋ヲ刻マレシ封鎧β,12,4,2,0,M24,168,186,2,1,1,1,-1,属性やられ耐性,1,超会心,1,赤龍の封印,1,,,,,赤龍の重殻
EXブラキウムα,EXブラキウムメイルα,12,2,1,1,M24,170,188,3,-2,1,-3,1,挑戦者,2,爆破属性強化,3,砕竜の闘志,1,,,,,不壊の黒曜甲
EXブラキウムβ,EXブラキウムメイルβ,12,4,2,1,M24,170,188,3,-2,1,-3,1,挑戦者,2,砕竜の闘志,1,,,,,,,不壊の黒曜甲
EXオルムングα,EXオルムングメイルα,11,3,2,0,M24,162,186,-3,2,-2,3,0,攻撃,3,抜刀術【技】,1,氷牙竜の絶技,1,,,,,氷牙竜チケット
EXオルムングβ,EXオルムングメイルβ,11,4,2,0,M24,162,186,-3,2,-2,3,0,攻撃,3,氷牙竜の絶技,1,,,,,,,氷牙竜チケット
EXエスカドラα,EXエスカドラソウルα,12,2,1,1,M24,160,178,3,0,0,3,2,体力増強,3,逆恨み,2,煌黒龍の神秘,1,,,,,煌黒龍の天殻
EXエスカドラβ,EXエスカドラソウルβ,12,4,1,1,M24,160,178,3,0,0,3,2,体力増強,3,逆恨み,1,煌黒龍の神秘,1,,,,,煌黒龍の天殻
EXドラゴンα,EXドラゴンハイドα,12,4,4,3,M24,180,198,-1,2,2,0,-4,弱点特効,1,回避性能,2,黒龍の伝説,1,,,,,黒龍の重殻
EXドラゴンβ,EXドラゴンハイドβ,12,4,4,4,M24,180,198,-1,2,2,0,-4,弱点特効,1,回避性能,1,黒龍の伝説,1,,,,,黒龍の重殻
EXマムガイラα,EXマムガイラメイルα,12,3,3,0,M24,176,194,4,-2,3,-2,-4,早食い,3,満足感,1,爛輝龍の真髄,1,,,,,爛輝龍の重金鱗
EXマムガイラβ,EXマムガイラメイルβ,12,4,3,0,M24,176,194,4,-2,3,-2,-4,早食い,3,爛輝龍の真髄,1,,,,,,,爛輝龍の重金鱗
EXテンタクルγ,EXテンタクルメイルγ,12,4,0,0,M100,176,194,-3,4,3,0,-2,回避性能,4,水属性攻撃強化,2,溟龍の神秘,1,,,,,溟龍チケット
EXラヴィーナγ,EXラヴィーナメイルγ,12,4,2,1,M100,180,198,-3,2,-1,4,-1,抜刀術【技】,3,氷属性攻撃強化,3,冰龍の神秘,1,,,,,冰龍チケット
EXウーロンα,EXウーロンベストα,9,4,0,0,M1,120,158,1,1,1,4,1,スタミナ急速回復,2,万福の祝福,1,,,,,,,万福チケット
EXアストラα,EXアストラクロスα,9,1,0,0,M1,140,178,2,2,2,2,2,超会心,2,大感謝の祝福,1,,,,,,,大感謝チケット
EXローゼα,EXローゼスーツα,10,4,0,0,M9,150,182,4,1,1,1,1,攻撃,3,満開の祝福,1,,,,,,,満開チケット
EXパッションα,EXパッションボディα,10,4,1,0,M12,156,188,1,4,1,1,1,採集の達人,1,剥ぎ取り鉄人,1,情熱の祝福,1,,,,,情熱チケット
EX魔界ノ主α,EX魔界ノ主【外套】α,11,2,2,0,M11,162,186,1,1,4,1,1,属性やられ耐性,3,ホラーナイトの祝福,1,,,,,,,ホラーナイトチケット
EX蒼世ノ侍α,EX蒼世ノ侍【羽織】α,12,4,0,0,M18,170,188,2,2,0,0,3,体術,2,集中,1,銀火竜の真髄,1,,,,,蒼世の大宝玉
EXバヌークα,EXバヌークメイルα,12,4,3,0,M24,160,178,2,0,2,2,2,ランナー,1,スタミナ急速回復,1,蛮顎竜の覇気,1,,,,,デーモンチケット
EXマッスルα,EXマッスルボディα,11,1,1,1,M24,154,178,2,-1,0,-1,-3,挑戦者,3,不屈,1,,,,,,,マッスルチケット
EXアルテミスα,EXアルテミスメイルα,11,1,1,0,M1,140,164,2,2,1,1,2,耳栓,2,体力回復量ＵＰ,1,New World,1,,,,,チョコレート
EXレオンα,EXレオンボディα,12,1,1,0,M20,150,168,3,2,2,3,0,挑戦者,2,弱点特効,1,サバイバー,1,,,,,
EXクレアα,EXクレアボディα,12,1,1,0,M20,150,168,3,2,2,3,0,挑戦者,2,回避性能,2,サバイバー,1,,,,,
EXシールドウィーバー,EXシールドウィーバー・胴,12,4,2,1,M24,132,150,-1,-1,3,-1,2,雷属性攻撃強化,3,動力源,1,,,,,,,