シリーズ名,名前,レア度,スロット1,スロット2,スロット3,入手時期,初期防御力,最終防御力,火耐性,水耐性,雷耐性,氷耐性,龍耐性,スキル系統1,スキル値1,スキル系統2,スキル値2,スキル系統3,スキル値3,スキル系統4,スキル値4,スキル系統5,スキル値5
レザー,レザーベルト,1,0,0,0,1,2,38,2,0,0,0,0,,,,,,,,,,
チェーン,チェーンベルト,1,0,0,0,1,2,38,0,2,0,0,0,,,,,,,,,,
ハンター,ハンターコイル,1,0,0,0,1,6,42,2,2,0,0,0,追跡の達人,1,,,,,,,,
ボーン,ボーンコイル,1,0,0,0,1,6,42,2,0,2,0,2,笛吹き名人,1,,,,,,,,
ランゴ,ランゴコイル,1,0,0,0,3,8,44,-2,1,1,1,2,麻痺耐性,1,,,,,,,,
ジャグラス,ジャグラスコイル,1,0,0,0,2,8,44,-2,2,-1,-1,1,不屈,1,,,,,,,,
クルル,クルルコイル,1,0,0,0,2,10,46,0,-3,0,1,0,アイテム使用強化,1,,,,,,,,
アロイ,アロイコイル,2,0,0,0,3,8,40,-2,1,-2,-2,1,毒耐性,1,,,,,,,,
プケプケ,プケプケコイル,2,0,0,0,2,12,44,0,3,-3,0,1,毒属性強化,1,,,,,,,,
ボロス,ボロスコイル,2,0,0,0,3,14,38,-3,-1,3,-1,0,泥耐性,1,,,,,,,,
ジュラ,ジュラコイル,2,0,0,0,3,14,46,-1,2,-3,0,0,氷耐性,1,,,,,,,,
カガチ,カガチコイル,2,0,0,0,4,16,48,0,-3,3,0,0,雷属性攻撃強化,1,,,,,,,,
ハイメタ,ハイメタコイル,3,0,0,0,6,18,46,0,-1,-2,3,0,砲弾装填数ＵＰ,1,,,,,,,,
オウビート,オウビートアンカ,3,0,0,0,4,22,50,-1,-1,2,0,2,ハニーハンター,1,,,,,,,,
パピメル,パピメルアンカ,3,0,0,0,4,22,50,-1,-1,2,0,2,ハニーハンター,1,,,,,,,,
タロス,タロスコイル,3,0,0,0,8,18,46,-1,-1,0,0,2,剥ぎ取り鉄人,1,,,,,,,,
ジャナフ,ジャナフコイル,3,0,0,0,4,20,48,3,-3,-1,-1,0,火耐性,1,蛮顎竜の力,1,,,,,,
レイア,レイアコイル,3,0,0,0,5,22,50,2,0,-2,0,-3,毒耐性,1,,,,,,,,
ツィツィ,ツィツィコイル,3,0,0,0,6,18,46,0,0,-3,-2,0,広域化,1,,,,,,,,
ウルムー,ウルムーコイル,3,0,0,0,6,20,48,-3,2,0,1,0,精霊の加護,1,,,,,,,,
ギルオス,ギルオスコイル,3,0,0,0,8,20,48,0,-3,2,0,1,瘴気環境適応,1,,,,,,,,
バルキン,バルキンコイル,3,0,0,0,8,24,52,0,2,0,-1,-2,ガード性能,1,,,,,,,,
インゴット,インゴットコイル,4,0,0,0,8,28,52,-2,0,3,-1,0,風圧耐性,1,,,,,,,,
デスギア,デスギアナーベル,4,0,0,0,8,32,56,3,2,-2,3,-4,龍属性攻撃強化,1,,,,,,,,
ブリゲイド,ブリゲイドコイル,4,0,0,0,8,28,52,1,0,2,0,2,地質学,1,,,,,,,,
ギエナ,ギエナコイル,4,0,0,0,8,30,54,-1,2,-3,3,0,氷属性攻撃強化,1,風漂竜の恩恵,1,,,,,,
ガロン,ガロンコイル,4,0,0,0,8,30,54,2,2,-2,-3,0,見切り,1,惨爪竜の力,1,,,,,,
レウス,レウスコイル,4,0,0,0,8,30,54,3,1,-2,1,-3,火属性攻撃強化,1,火竜の力,1,,,,,,
ディアブロ,ディアブロコイル,4,0,0,0,8,32,56,3,-2,0,-3,2,ランナー,1,角竜の力,1,,,,,,
キリン,キリンフープ,4,0,0,0,8,34,58,-3,-2,4,-2,2,雷属性攻撃強化,1,幻獣の恩恵,1,,,,,,
ブロッサム,ブロッサムコート,3,0,0,0,3,18,46,1,1,4,1,1,導蟲反応距離ＵＰ,1,,,,,,,,
ダイバー,ダイバーベルト,3,0,0,0,3,22,50,1,4,1,1,1,水場・深雪適応,1,,,,,,,,
ハーベスト,ハーベストオッハ,3,0,0,0,6,26,54,4,1,1,1,1,体術,1,,,,,,,,
オリオン,オリオンコート,4,0,0,0,8,30,54,1,1,1,4,1,体力増強,1,,,,,,,,
フルドレス,フルドレスコート,4,0,0,0,8,34,58,1,1,1,1,4,スリンガー装填数ＵＰ,1,アステラの祝福,1,,,,,,
パピオム,パピオムアンカ,3,0,0,0,4,22,50,-1,-1,2,0,2,防御,1,,,,,,,,
クインビート,クインビートアンカ,3,0,0,0,4,22,50,-1,-1,2,0,2,防御,1,,,,,,,,
レザーα,レザーベルトα,5,0,0,0,11,32,54,2,0,0,0,0,スタミナ急速回復,1,,,,,,,,
レザーβ,レザーベルトβ,5,1,0,0,11,32,54,2,0,0,0,0,,,,,,,,,,
チェーンα,チェーンベルトα,5,0,0,0,11,32,54,0,2,0,0,0,納刀術,1,,,,,,,,
チェーンβ,チェーンベルトβ,5,1,0,0,11,32,54,0,2,0,0,0,,,,,,,,,,
ハンターα,ハンターコイルα,5,0,0,0,11,36,58,2,2,0,0,0,採集の達人,1,潜伏,1,,,,,,
ハンターβ,ハンターコイルβ,5,1,0,0,11,36,58,2,2,0,0,0,採集の達人,1,,,,,,,,
ボーンα,ボーンコイルα,5,0,0,0,11,36,58,2,0,2,0,2,笛吹き名人,1,釣り名人,1,,,,,,
ボーンβ,ボーンコイルβ,5,1,0,0,11,36,58,2,0,2,0,2,笛吹き名人,1,,,,,,,,
アロイα,アロイコイルα,5,0,0,0,11,36,58,-2,0,-2,-2,0,毒耐性,1,水耐性,1,,,,,,
アロイβ,アロイコイルβ,5,1,0,0,11,36,58,-2,0,-2,-2,0,毒耐性,1,,,,,,,,
オウビートα,オウビートアンカα,5,1,0,0,11,42,64,-1,-1,2,0,2,ハニーハンター,1,納刀術,1,,,,,,
オウビートβ,オウビートアンカβ,5,2,1,0,11,42,64,-1,-1,2,0,2,ハニーハンター,1,,,,,,,,
パピメルα,パピメルアンカα,5,1,0,0,11,42,64,-1,-1,2,0,2,ハニーハンター,1,納刀術,1,,,,,,
パピメルβ,パピメルアンカβ,5,2,1,0,11,42,64,-1,-1,2,0,2,ハニーハンター,1,,,,,,,,
ランゴα,ランゴコイルα,5,0,0,0,11,38,60,-2,1,1,1,2,麻痺耐性,2,,,,,,,,
ランゴβ,ランゴコイルβ,5,1,0,0,11,38,60,-2,1,1,1,2,麻痺耐性,1,,,,,,,,
タロスα,タロスコイルα,5,0,0,0,11,38,60,-1,-1,0,0,2,剥ぎ取り鉄人,1,腹減り耐性,1,,,,,,
タロスβ,タロスコイルβ,5,1,0,0,11,38,60,-1,-1,0,0,2,剥ぎ取り鉄人,1,,,,,,,,
ジャグラスα,ジャグラスコイルα,5,0,0,0,11,40,62,-2,2,-1,-1,1,不屈,1,早食い,1,,,,,,
ジャグラスβ,ジャグラスコイルβ,5,1,0,0,11,40,62,-2,2,-1,-1,1,不屈,1,,,,,,,,
クルルα,クルルコイルα,5,0,0,0,11,40,62,0,-3,0,1,0,アイテム使用強化,2,,,,,,,,
クルルβ,クルルコイルβ,5,2,0,0,11,40,62,0,-3,0,1,0,アイテム使用強化,1,,,,,,,,
ツィツィα,ツィツィコイルα,5,0,0,0,11,40,62,0,0,-3,-2,0,広域化,2,水属性攻撃強化,1,,,,,,
ツィツィβ,ツィツィコイルβ,5,2,0,0,11,40,62,0,0,-3,-2,0,広域化,1,,,,,,,,
ギルオスα,ギルオスコイルα,5,0,0,0,11,40,62,0,-3,2,0,1,瘴気環境適応,1,麻痺属性強化,1,,,,,,
ギルオスβ,ギルオスコイルβ,5,1,0,0,11,40,62,0,-3,2,0,1,瘴気環境適応,1,,,,,,,,
プケプケα,プケプケコイルα,5,0,0,0,11,42,64,0,3,-3,0,1,毒属性強化,2,,,,,,,,
プケプケβ,プケプケコイルβ,5,1,0,0,11,42,64,0,3,-3,0,1,毒属性強化,1,,,,,,,,
ボロスα,ボロスコイルα,5,0,0,0,11,42,64,-3,-1,3,-1,0,泥耐性,1,ガード性能,1,,,,,,
ボロスβ,ボロスコイルβ,5,2,0,0,11,42,64,-3,-1,3,-1,0,泥耐性,1,,,,,,,,
ジャナフα,ジャナフコイルα,5,0,0,0,11,44,66,3,-3,-1,-1,0,火耐性,2,砲術,1,蛮顎竜の闘志,1,,,,
ジャナフβ,ジャナフコイルβ,5,2,0,0,11,44,66,3,-3,-1,-1,0,火耐性,2,蛮顎竜の闘志,1,,,,,,
ジュラα,ジュラコイルα,5,0,0,0,11,44,66,-1,2,-3,0,0,氷耐性,2,,,,,,,,
ジュラβ,ジュラコイルβ,5,1,0,0,11,44,66,-1,2,-3,0,0,氷耐性,1,,,,,,,,
カガチα,カガチコイルα,5,0,0,0,11,44,66,0,-3,3,0,0,雷属性攻撃強化,2,雷耐性,1,,,,,,
カガチβ,カガチコイルβ,5,1,1,0,11,44,66,0,-3,3,0,0,雷属性攻撃強化,1,,,,,,,,
ウルムーα,ウルムーコイルα,5,0,0,0,11,44,66,-3,2,0,1,0,精霊の加護,2,,,,,,,,
ウルムーβ,ウルムーコイルβ,5,1,0,0,11,44,66,-3,2,0,1,0,精霊の加護,1,,,,,,,,
レイアα,レイアコイルα,5,0,0,0,11,46,68,2,0,-2,0,-3,毒耐性,2,体力増強,1,,,,,,
レイアβ,レイアコイルβ,5,1,0,0,11,46,68,2,0,-2,0,-3,毒耐性,1,体力増強,1,,,,,,
リオハートα,リオハートコイルα,6,0,0,0,13,52,72,3,0,-3,0,-4,匠,1,毒耐性,1,桜火竜の奥義,1,,,,
リオハートβ,リオハートコイルβ,6,1,0,0,13,52,72,3,0,-3,0,-4,匠,1,桜火竜の奥義,1,,,,,,
バルキンα,バルキンコイルα,6,0,0,0,11,46,66,0,2,0,-1,-2,ガード性能,2,,,,,,,,
バルキンβ,バルキンコイルβ,6,2,0,0,11,46,66,0,2,0,-1,-2,ガード性能,1,,,,,,,,
ガマルα,ガマルコイルα,5,0,0,0,13,48,70,2,0,-3,0,2,砲術,2,爆破やられ耐性,1,,,,,,
ガマルβ,ガマルコイルβ,5,1,0,0,13,48,70,2,0,-3,0,2,砲術,2,,,,,,,,
ゾラマグナα,ゾラマグナスパインα,6,0,0,0,11,44,64,4,-3,-1,-2,-3,不屈,1,耐震,1,熔山龍の奥義,1,,,,
ゾラマグナβ,ゾラマグナスパインβ,6,2,0,0,11,44,64,4,-3,-1,-2,-3,不屈,1,熔山龍の奥義,1,,,,,,
ハイメタα,ハイメタコイルα,6,0,0,0,13,50,70,0,-1,-2,3,0,砲弾装填数ＵＰ,1,防御,1,,,,,,
ハイメタβ,ハイメタコイルβ,6,1,0,0,13,50,70,0,-1,-2,3,0,砲弾装填数ＵＰ,1,,,,,,,,
インゴットα,インゴットコイルα,6,0,0,0,13,50,70,-2,0,3,-1,0,風圧耐性,2,,,,,,,,
インゴットβ,インゴットコイルβ,6,3,0,0,13,50,70,-2,0,3,-1,0,風圧耐性,1,,,,,,,,
ブリゲイドα,ブリゲイドコイルα,6,0,0,0,13,52,72,1,0,2,0,2,地質学,2,回復速度,1,,,,,,
ブリゲイドβ,ブリゲイドコイルβ,6,1,0,0,13,52,72,1,0,2,0,2,地質学,2,,,,,,,,
ラヴァα,ラヴァコイルα,6,0,0,0,13,56,76,3,-3,1,-2,2,納刀術,2,体力回復量ＵＰ,1,,,,,,
ラヴァβ,ラヴァコイルβ,6,1,0,0,13,56,76,3,-3,1,-2,2,納刀術,2,,,,,,,,
ギエナα,ギエナコイルα,6,0,0,0,13,54,74,-1,2,-3,3,0,氷属性攻撃強化,2,風圧耐性,1,風漂竜の恩寵,1,,,,
ギエナβ,ギエナコイルβ,6,2,0,0,13,54,74,-1,2,-3,3,0,氷属性攻撃強化,2,風漂竜の恩寵,1,,,,,,
ガロンα,ガロンコイルα,6,0,0,0,13,54,74,2,2,-2,-3,0,見切り,2,砥石使用高速化,1,惨爪竜の奥義,1,,,,
ガロンβ,ガロンコイルβ,6,2,0,0,13,54,74,2,2,-2,-3,0,見切り,2,惨爪竜の奥義,1,,,,,,
レウスα,レウスコイルα,6,0,0,0,13,54,74,3,1,-2,1,-3,火属性攻撃強化,2,集中,1,火竜の奥義,1,,,,
レウスβ,レウスコイルβ,6,2,0,0,13,54,74,3,1,-2,1,-3,火属性攻撃強化,2,火竜の奥義,1,,,,,,
リオソウルα,リオソウルコイルα,7,0,0,0,13,56,68,3,2,2,-3,-4,風圧耐性,2,貫通弾・竜の一矢強化,1,火竜の奥義,1,,,,
リオソウルβ,リオソウルコイルβ,7,3,0,0,13,56,68,3,2,2,-3,-4,風圧耐性,2,火竜の奥義,1,,,,,,
ディアブロα,ディアブロコイルα,6,0,0,0,13,54,74,3,-2,0,-3,2,ランナー,2,抜刀術【技】,1,角竜の奥義,1,,,,
ディアブロβ,ディアブロコイルβ,6,2,0,0,13,54,74,3,-2,0,-3,2,ランナー,2,角竜の奥義,1,,,,,,
ディアネロα,ディアネロコイルα,7,0,0,0,13,56,68,2,-3,0,-4,2,逆恨み,1,破壊王,1,角竜の奥義,1,,,,
ディアネロβ,ディアネロコイルβ,7,2,0,0,13,56,68,2,-3,0,-4,2,逆恨み,1,角竜の奥義,1,,,,,,
ガンキンα,ガンキンコイルα,7,1,1,0,13,60,72,4,-3,1,-2,-2,破壊王,1,雷耐性,1,爆鎚竜の守護,1,,,,
ガンキンβ,ガンキンコイルβ,7,2,1,0,13,60,72,4,-3,1,-2,-2,破壊王,1,爆鎚竜の守護,1,,,,,,
バゼルα,バゼルコイルα,7,1,0,0,13,58,70,3,1,-4,-2,-2,耳栓,2,ジャンプ鉄人,1,爆鱗竜の守護,1,,,,
バゼルβ,バゼルコイルβ,7,3,0,0,13,58,70,3,1,-4,-2,-2,耳栓,2,爆鱗竜の守護,1,,,,,,
ダマスクα,ダマスクコイルα,7,1,0,0,14,60,72,4,-2,0,0,0,集中,1,防御力ＤＯＷＮ耐性,2,,,,,,
ダマスクβ,ダマスクコイルβ,7,1,1,1,14,60,72,4,-2,0,0,0,集中,1,,,,,,,,
ドーベルα,ドーベルコイルα,7,2,0,0,14,60,72,-2,0,-1,-1,4,龍耐性,2,攻撃,1,,,,,,
ドーベルβ,ドーベルコイルβ,7,3,0,0,14,60,72,-2,0,-1,-1,4,龍耐性,2,,,,,,,,
デスギアα,デスギアナーベルα,7,0,0,0,14,62,74,3,2,-2,3,-4,龍属性攻撃強化,2,集中,1,,,,,,
デスギアβ,デスギアナーベルβ,7,1,1,0,14,62,74,3,2,-2,3,-4,龍属性攻撃強化,2,,,,,,,,
オーグα,オーグコイルα,8,0,0,0,14,64,70,1,1,-3,1,-3,攻撃,2,スタミナ急速回復,1,滅尽龍の飢餓,1,,,,
オーグβ,オーグコイルβ,8,2,0,0,14,64,70,1,1,-3,1,-3,攻撃,2,滅尽龍の飢餓,1,,,,,,
カイザーα,カイザーコイルα,8,0,0,0,14,64,70,3,-3,1,-3,1,爆破属性強化,2,弱点特効,1,炎王龍の武技,1,,,,
カイザーβ,カイザーコイルβ,8,2,0,0,14,64,70,3,-3,1,-3,1,爆破属性強化,2,炎王龍の武技,1,,,,,,
クシャナα,クシャナアンダα,8,0,0,0,14,64,70,0,2,-3,4,-2,氷属性攻撃強化,2,回避距離ＵＰ,1,鋼龍の飛翔,1,,,,
クシャナβ,クシャナアンダβ,8,1,1,0,14,64,70,0,2,-3,4,-2,氷属性攻撃強化,2,鋼龍の飛翔,1,,,,,,
ウルズα,ウルズコイルα,8,1,0,0,14,64,70,-4,4,1,-1,-3,フルチャージ,1,瘴気耐性,1,屍套龍の命脈,1,,,,
ウルズβ,ウルズコイルβ,8,1,1,0,14,64,70,-4,4,1,-1,-3,フルチャージ,1,屍套龍の命脈,1,,,,,,
キリンα,キリンフープα,8,0,0,0,14,64,70,-3,-2,4,-2,2,属性やられ耐性,1,属性解放／装填拡張,1,幻獣の恩寵,1,,,,
キリンβ,キリンフープβ,8,1,1,1,14,64,70,-3,-2,4,-2,2,属性やられ耐性,1,幻獣の恩寵,1,,,,,,
ゼノラージα,ゼノラージスパインα,8,2,0,0,16,72,78,-3,2,2,2,-4,属性やられ耐性,2,特殊射撃強化,1,冥灯龍の神秘,1,,,,
ゼノラージβ,ゼノラージスパインβ,8,2,1,0,16,72,78,-3,2,2,2,-4,属性やられ耐性,2,冥灯龍の神秘,1,,,,,,
ギルドクロスα,ギルドクロスコイルα,8,1,0,0,15,62,68,0,0,0,0,0,不屈,1,龍耐性,2,ギルドの導き,1,,,,
ギルドクロスβ,ギルドクロスコイルβ,8,1,1,1,15,62,68,0,0,0,0,0,不屈,1,ギルドの導き,1,,,,,,
シーカーα,シーカーベルトα,8,1,0,0,50,70,76,2,2,2,2,2,キノコ大好き,1,運搬の達人,1,調査団の導き,1,,,,
シーカーβ,シーカーベルトβ,8,2,0,0,50,70,76,2,2,2,2,2,キノコ大好き,1,調査団の導き,1,,,,,,
バンギスβ,バンギスコイルβ,7,3,1,0,13,58,70,1,1,-3,2,-3,力の解放,1,,,,,,,,
バンギスα,バンギスコイルα,7,1,0,0,13,58,70,1,1,-3,2,-3,力の解放,1,匠,1,,,,,,
マムガイラα,マムガイラコイルα,8,1,0,0,16,72,78,4,-2,3,-4,-2,属性解放／装填拡張,1,匠,2,,,,,,
マムガイラβ,マムガイラコイルβ,8,3,1,0,16,72,78,4,-2,3,-4,-2,属性解放／装填拡張,1,匠,1,,,,,,
エンプレスα,エンプレスコイルα,8,2,1,0,16,70,76,3,1,1,-3,-2,整備,2,爆破属性強化,1,炎妃龍の恩寵,1,,,,
エンプレスβ,エンプレスコイルβ,8,2,2,0,16,70,76,3,1,1,-3,-2,整備,2,炎妃龍の恩寵,1,,,,,,
ブロッサムα,ブロッサムコートα,5,1,1,0,11,40,62,1,1,4,1,1,導蟲反応距離ＵＰ,1,,,,,,,,
ダイバーα,ダイバーベルトα,5,2,0,0,11,46,68,1,4,1,1,1,水場・深雪適応,1,,,,,,,,
ハーベストα,ハーベストオッハα,6,2,1,0,13,52,72,4,1,1,1,1,体術,1,,,,,,,,
オリオンα,オリオンコートα,6,3,1,0,13,58,78,1,1,1,4,1,体力増強,1,,,,,,,,
フルドレスα,フルドレスコートα,7,3,1,1,14,64,76,1,1,1,1,4,スリンガー装填数ＵＰ,1,アステラの祝福,1,,,,,,
パピオムα,パピオムアンカα,5,1,0,0,11,42,64,-1,-1,2,0,2,防御,2,ランナー,1,,,,,,
パピオムβ,パピオムアンカβ,5,3,0,0,11,42,64,-1,-1,2,0,2,防御,2,,,,,,,,
クインビートα,クインビートアンカα,5,1,0,0,11,42,64,-1,-1,2,0,2,防御,2,ランナー,1,,,,,,
クインビートβ,クインビートアンカβ,5,3,0,0,11,42,64,-1,-1,2,0,2,防御,2,,,,,,,,
ウルズγ,ウルズコイルγ,8,2,1,1,50,72,78,-4,4,1,-1,-3,回復速度,2,龍属性攻撃強化,1,屍套龍の命脈,1,,,,
キリンγ,キリンフープγ,8,1,1,0,50,72,78,-3,-2,4,-2,2,ランナー,2,幻獣の恩寵,1,,,,,,
カイザーγ,カイザーコイルγ,8,1,1,0,50,72,78,3,-3,1,-3,1,力の解放,3,炎王龍の武技,1,,,,,,
クシャナγ,クシャナアンダγ,8,1,1,0,50,72,78,0,2,-3,4,-2,匠,2,鋼龍の飛翔,1,,,,,,
オーグγ,オーグコイルγ,8,3,1,0,50,72,78,1,1,-3,1,-3,渾身,1,挑戦者,1,滅尽龍の飢餓,1,,,,
ゾラマグナγ,ゾラマグナスパインγ,8,3,2,0,50,72,78,4,-3,-1,-2,-3,ボマー,2,見切り,1,熔山龍の奥義,1,,,,
ゼノラージγ,ゼノラージスパインγ,8,3,1,0,50,72,78,-3,2,2,2,-4,超会心,1,冥灯龍の神秘,1,,,,,,
エンプレスγ,エンプレスコイルγ,8,3,0,0,50,70,76,3,1,1,-3,-2,回避性能,2,体力増強,2,炎妃龍の恩寵,1,,,,
マムガイラγ,マムガイラコイルγ,8,3,0,0,16,72,78,4,-2,3,-4,-2,超会心,1,弱点特効,1,,,,,,
蒼星ノ将α,蒼星ノ将【腰当て】α,7,2,0,0,13,56,68,2,2,0,0,3,匠,1,火竜の奥義,1,,,,,,
ダンテα,ダンテベルトα,8,3,0,0,14,64,70,3,-3,3,-3,3,回避性能,1,力の解放,1,,,,,,
ドラケンα,ドラケンコイルα,8,3,0,0,16,72,78,-2,-2,3,-2,4,見切り,2,強化持続,1,竜騎士の証,1,,,,
オリジン,オリジンコイル,1,0,0,0,1,6,42,0,0,0,0,0,,,,,,,,,,
ガーディアンα,ガーディアンコイルα,6,1,0,0,1,50,70,2,0,0,2,3,体力増強,2,精霊の加護,1,,,,,,
アーロイα,アーロイウエストα,5,3,0,0,11,46,68,1,1,1,1,1,潜伏,2,蛮顎竜の闘志,1,,,,,,
アーロイγ,アーロイウエストγ,8,3,1,0,50,64,70,1,1,1,1,1,潜伏,2,弱点特効,1,蛮顎竜の闘志,1,,,,
リュウ,リュウウエスト,2,0,0,0,3,12,44,2,0,5,-3,2,力の解放,1,,,,,,,,
リュウα,リュウウエストα,7,3,0,0,14,60,72,2,0,5,-3,2,挑戦者,1,火竜の奥義,1,,,,,,
さくらα,さくらウエストα,6,3,0,0,13,50,70,0,4,0,4,-2,力の解放,1,桜火竜の奥義,1,,,,,,
ゲラルトα,ゲラルトウエストα,8,2,0,0,16,70,76,2,1,-2,-1,3,ボマー,2,弱点特効,1,ウィッチャーの心得,1,,,,
シリα,シリウエストα,8,2,0,0,50,70,76,-2,-1,2,1,3,属性解放／装填拡張,1,回避距離ＵＰ,1,,,,,,
防衛隊α,防衛隊【帯甲】α,6,1,0,0,1,50,70,2,0,0,2,3,体力増強,2,精霊の加護,1,,,,,,
EXボーンα,EXボーンコイルα,9,3,0,0,M1,114,152,2,0,2,0,2,笛吹き名人,1,破壊王,1,,,,,,
EXボーンβ,EXボーンコイルβ,9,4,1,0,M1,114,152,2,0,2,0,2,笛吹き名人,1,,,,,,,,
EXアロイα,EXアロイコイルα,9,3,0,0,M1,114,152,-2,0,-2,-2,0,毒耐性,2,風圧耐性,1,,,,,,
EXアロイβ,EXアロイコイルβ,9,4,0,0,M1,114,152,-2,0,-2,-2,0,毒耐性,1,風圧耐性,1,,,,,,
EXランゴα,EXランゴコイルα,9,3,0,0,M1,116,154,-2,1,1,1,2,麻痺耐性,2,納刀術,1,,,,,,
EXランゴβ,EXランゴコイルβ,9,4,1,0,M1,116,154,-2,1,1,1,2,麻痺耐性,1,,,,,,,,
EXタロスα,EXタロスコイルα,9,2,0,0,M1,116,154,-1,-1,0,0,2,弱点特効,1,腹減り耐性,1,,,,,,
EXタロスβ,EXタロスコイルβ,9,4,1,0,M1,116,154,-1,-1,0,0,2,弱点特効,1,,,,,,,,
EXジャグラスα,EXジャグラスコイルα,9,2,1,0,M1,116,154,-2,2,-1,-1,1,体力回復量ＵＰ,1,早食い,1,,,,,,
EXジャグラスβ,EXジャグラスコイルβ,9,4,1,0,M1,116,154,-2,2,-1,-1,1,体力回復量ＵＰ,1,,,,,,,,
EXツィツィα,EXツィツィコイルα,9,2,0,0,M1,116,154,0,0,-3,-2,0,広域化,2,水属性攻撃強化,2,,,,,,
EXツィツィβ,EXツィツィコイルβ,9,4,1,0,M1,116,154,0,0,-3,-2,0,広域化,2,,,,,,,,
EXギルオスα,EXギルオスコイルα,9,3,0,0,M1,116,154,0,-3,2,0,1,瘴気環境適応,1,麻痺属性強化,2,,,,,,
EXギルオスβ,EXギルオスコイルβ,9,4,2,0,M1,116,154,0,-3,2,0,1,瘴気環境適応,1,,,,,,,,
EXガマルα,EXガマルコイルα,9,2,1,0,M1,120,158,2,0,-3,0,2,砲術,2,爆破やられ耐性,1,,,,,,
EXガマルβ,EXガマルコイルβ,9,4,1,0,M1,120,158,2,0,-3,0,2,砲術,2,,,,,,,,
EXクルルα,EXクルルコイルα,9,3,0,0,M1,116,154,0,-3,0,1,0,アイテム使用強化,2,見切り,1,,,,,,
EXクルルβ,EXクルルコイルβ,9,4,1,0,M1,116,154,0,-3,0,1,0,アイテム使用強化,2,,,,,,,,
EXプケプケα,EXプケプケコイルα,9,3,0,0,M1,118,156,0,3,-3,0,1,毒属性強化,2,アイテム使用強化,1,,,,,,
EXプケプケβ,EXプケプケコイルβ,9,4,1,0,M1,118,156,0,3,-3,0,1,毒属性強化,1,アイテム使用強化,1,,,,,,
EXプケラグーナα,EXプケラグーナコイルα,9,2,0,0,M4,132,170,0,3,-2,-3,0,水属性攻撃強化,2,破壊王,1,,,,,,
EXプケラグーナβ,EXプケラグーナコイルβ,9,4,0,0,M4,132,170,0,3,-2,-3,0,水属性攻撃強化,1,破壊王,1,,,,,,
EXボロスα,EXボロスコイルα,9,1,0,0,M1,118,156,-3,-1,3,-1,0,挑戦者,2,ガード性能,1,,,,,,
EXボロスβ,EXボロスコイルβ,9,4,0,0,M1,118,156,-3,-1,3,-1,0,挑戦者,2,,,,,,,,
EXジュラα,EXジュラコイルα,9,3,0,0,M1,118,156,-1,2,-3,0,0,氷耐性,2,力の解放,1,,,,,,
EXジュラβ,EXジュラコイルβ,9,4,1,0,M1,118,156,-1,2,-3,0,0,氷耐性,2,,,,,,,,
EXブランα,EXブランコイルα,9,2,0,0,M1,118,156,-3,0,-2,3,2,体力増強,2,耳栓,2,,,,,,
EXブランβ,EXブランコイルβ,9,4,1,0,M1,118,156,-3,0,-2,3,2,体力増強,2,耳栓,1,,,,,,
EXカガチα,EXカガチコイルα,9,3,1,0,M1,120,158,0,-3,3,0,0,雷属性攻撃強化,2,雷耐性,1,,,,,,
EXカガチβ,EXカガチコイルβ,9,4,1,0,M1,120,158,0,-3,3,0,0,雷属性攻撃強化,2,,,,,,,,
EXベニカガチα,EXベニカガチコイルα,9,2,0,0,M3,132,148,1,3,-3,-2,1,体術,1,納刀術,1,,,,,,
EXベニカガチβ,EXベニカガチコイルβ,9,4,1,0,M3,132,148,1,3,-3,-2,1,体術,1,,,,,,,,
EXハイメタα,EXハイメタコイルα,9,2,2,0,M1,128,166,0,-1,-2,3,0,砲弾装填数ＵＰ,1,防御,2,,,,,,
EXハイメタβ,EXハイメタコイルβ,9,4,2,0,M1,128,166,0,-1,-2,3,0,砲弾装填数ＵＰ,1,防御,1,,,,,,
EXバフバロα,EXバフバロコイルα,9,3,0,0,M3,130,168,-2,2,-1,3,-3,キノコ大好き,1,攻めの守勢,1,,,,,,
EXバフバロβ,EXバフバロコイルβ,9,4,1,0,M3,130,168,-2,2,-1,3,-3,キノコ大好き,1,,,,,,,,
EXジャナフα,EXジャナフコイルα,9,3,1,0,M4,132,170,3,-3,-1,-1,0,火耐性,2,砲術,1,蛮顎竜の覇気,1,,,,
EXジャナフβ,EXジャナフコイルβ,9,4,2,0,M4,132,170,3,-3,-1,-1,0,火耐性,2,蛮顎竜の覇気,1,,,,,,
EXジャナールα,EXジャナールコイルα,11,1,0,0,M13,146,170,-1,-1,2,-3,0,弱点特効,2,アイテム使用強化,1,蛮顎竜の覇気,1,,,,
EXジャナールβ,EXジャナールコイルβ,11,4,1,0,M13,146,170,-1,-1,2,-3,0,弱点特効,1,アイテム使用強化,1,蛮顎竜の覇気,1,,,,
EXレイアα,EXレイアコイルα,9,3,2,0,M4,130,168,2,0,-2,0,-3,毒耐性,2,体力増強,1,雌火竜の真髄,1,,,,
EXレイアβ,EXレイアコイルβ,9,4,2,0,M4,130,168,2,0,-2,0,-3,毒耐性,1,体力増強,1,雌火竜の真髄,1,,,,
EXリオハートα,EXリオハートコイルα,9,3,0,0,M6,132,170,3,0,-3,0,-4,匠,1,毒耐性,2,雌火竜の真髄,1,,,,
EXリオハートβ,EXリオハートコイルβ,9,4,0,0,M6,132,170,3,0,-3,0,-4,匠,1,毒耐性,1,雌火竜の真髄,1,,,,
EXウルムーα,EXウルムーコイルα,9,2,2,0,M4,130,168,-3,2,0,1,0,精霊の加護,2,風圧耐性,1,,,,,,
EXウルムーβ,EXウルムーコイルβ,9,4,1,0,M4,130,168,-3,2,0,1,0,精霊の加護,1,風圧耐性,1,,,,,,
EXウルムメアα,EXウルムメアコイルα,9,2,0,0,M4,132,170,-3,-3,2,1,1,睡眠属性強化,2,広域化,1,,,,,,
EXウルムメアβ,EXウルムメアコイルβ,9,4,0,0,M4,132,170,-3,-3,2,1,1,睡眠属性強化,2,,,,,,,,
EXバルキンα,EXバルキンコイルα,9,1,0,0,M4,134,172,0,2,0,-1,-2,ガード性能,2,睡眠耐性,2,,,,,,
EXバルキンβ,EXバルキンコイルβ,9,4,0,0,M4,134,172,0,2,0,-1,-2,ガード性能,2,,,,,,,,
EXアーティアα,EXアーティアコイルα,10,1,1,0,,142,174,1,-2,-2,2,3,整備,2,見切り,1,太古の神秘,1,,,,
EXアーティアβ,EXアーティアコイルβ,10,4,1,0,,142,174,1,-2,-2,2,3,整備,1,見切り,1,太古の神秘,1,,,,
EXアークロックα,EXアークロックコイルα,10,2,0,0,,142,174,2,2,2,-1,-1,破壊王,2,睡眠ビン追加,1,調査団の錬金術,1,,,,
EXアークロックβ,EXアークロックコイルβ,10,4,1,0,,142,174,2,2,2,-1,-1,破壊王,2,調査団の錬金術,1,,,,,,
EXインゴットα,EXインゴットコイルα,10,2,0,0,M6,136,168,-2,0,3,-1,0,風圧耐性,2,属性解放／装填拡張,1,,,,,,
EXインゴットβ,EXインゴットコイルβ,10,4,1,0,M6,136,168,-2,0,3,-1,0,風圧耐性,1,属性解放／装填拡張,1,,,,,,
EXベリオα,EXベリオコイルα,10,3,0,0,M6,138,170,-3,2,-2,3,0,納刀術,1,体力回復量ＵＰ,1,氷牙竜の秘技,1,,,,
EXベリオβ,EXベリオコイルβ,10,4,0,0,M6,138,170,-3,2,-2,3,0,納刀術,1,氷牙竜の秘技,1,,,,,,
EXレウスα,EXレウスコイルα,10,2,0,0,M7,140,172,3,1,-2,1,-3,火属性攻撃強化,2,集中,2,火竜の真髄,1,,,,
EXレウスβ,EXレウスコイルβ,10,4,2,0,M7,140,172,3,1,-2,1,-3,火属性攻撃強化,2,火竜の真髄,1,,,,,,
EXリオソウルα,EXリオソウルコイルα,11,3,0,0,M13,148,172,3,2,2,-3,-4,風圧耐性,2,貫通弾・竜の一矢強化,1,火竜の真髄,1,,,,
EXリオソウルβ,EXリオソウルコイルβ,11,4,2,0,M13,148,172,3,2,2,-3,-4,風圧耐性,2,火竜の真髄,1,,,,,,
EXディアブロα,EXディアブロコイルα,10,2,0,0,M7,140,180,3,-2,0,-3,2,ランナー,2,抜刀術【技】,1,角竜の覇気,1,,,,
EXディアブロβ,EXディアブロコイルβ,10,4,1,0,M7,140,180,3,-2,0,-3,2,ランナー,2,角竜の覇気,1,,,,,,
EXディアネロα,EXディアネロコイルα,11,2,0,0,M13,148,172,2,-3,0,-4,2,ＫＯ術,2,破壊王,1,角竜の覇気,1,,,,
EXディアネロβ,EXディアネロコイルβ,11,4,1,0,M13,148,172,2,-3,0,-4,2,ＫＯ術,2,角竜の覇気,1,,,,,,
EXギエナα,EXギエナコイルα,10,2,0,0,M7,140,170,-1,2,-3,3,0,氷属性攻撃強化,2,風圧耐性,2,風漂竜の覇気,1,,,,
EXギエナβ,EXギエナコイルβ,10,4,1,0,M7,140,170,-1,2,-3,3,0,氷属性攻撃強化,2,風圧耐性,1,風漂竜の覇気,1,,,,
EXブリーナα,EXブリーナコイルα,11,1,1,0,M12,146,170,-3,2,-1,3,0,回避距離ＵＰ,2,集中,1,風漂竜の覇気,1,,,,
EXブリーナβ,EXブリーナコイルβ,11,4,0,0,M12,146,170,-3,2,-1,3,0,回避距離ＵＰ,2,風漂竜の覇気,1,,,,,,
EXガロンα,EXガロンコイルα,10,2,0,0,M7,140,172,2,2,-2,-3,0,見切り,3,砥石使用高速化,1,惨爪竜の真髄,1,,,,
EXガロンβ,EXガロンコイルβ,10,4,2,0,M7,140,172,2,2,-2,-3,0,見切り,2,惨爪竜の真髄,1,,,,,,
EXデスガロンα,EXデスガロンコイルα,11,2,1,0,M14,148,172,-2,-3,-2,-2,4,龍属性攻撃強化,2,力の解放,1,惨爪竜の真髄,1,,,,
EXデスガロンβ,EXデスガロンコイルβ,11,4,2,0,M14,148,172,-2,-3,-2,-2,4,龍属性攻撃強化,2,惨爪竜の真髄,1,,,,,,
EXラヴァα,EXラヴァコイルα,10,1,0,0,M7,140,172,3,-3,1,-2,2,納刀術,2,体力回復量ＵＰ,2,,,,,,
EXラヴァβ,EXラヴァコイルβ,10,4,0,0,M7,140,172,3,-3,1,-2,2,納刀術,2,体力回復量ＵＰ,1,,,,,,
EXガンキンα,EXガンキンコイルα,10,2,1,0,M7,144,176,4,-3,1,-2,-2,破壊王,1,ガード性能,1,爆鎚竜の覇気,1,,,,
EXガンキンβ,EXガンキンコイルβ,10,4,2,0,M7,144,176,4,-3,1,-2,-2,破壊王,1,爆鎚竜の覇気,1,,,,,,
EXナルガα,EXナルガコイルα,10,1,0,0,M7,140,172,-2,2,-3,0,0,回避性能,2,スタミナ急速回復,1,迅竜の真髄,1,,,,
EXナルガβ,EXナルガコイルβ,10,4,0,0,M7,140,172,-2,2,-3,0,0,回避性能,1,スタミナ急速回復,1,迅竜の真髄,1,,,,
EXディノα,EXディノコイルα,10,1,1,0,M7,142,174,3,-3,1,-1,-1,渾身,2,通常弾・通常矢強化,1,斬竜の真髄,1,,,,
EXディノβ,EXディノコイルβ,10,4,0,0,M7,142,174,3,-3,1,-1,-1,渾身,2,斬竜の真髄,1,,,,,,
EXディノイエロα,EXディノイエロコイルα,11,2,0,0,M14,150,174,-3,2,-1,2,-1,匠,2,防御力ＤＯＷＮ耐性,2,斬竜の真髄,1,,,,
EXディノイエロβ,EXディノイエロコイルβ,11,4,0,0,M14,150,174,-3,2,-1,2,-1,匠,2,斬竜の真髄,1,,,,,,
EXブラキα,EXブラキコイルα,10,3,0,0,M9,142,174,3,-2,1,-3,1,爆破属性強化,2,スタミナ奪取,1,砕竜の真髄,1,,,,
EXブラキβ,EXブラキコイルβ,10,4,2,0,M9,142,174,3,-2,1,-3,1,爆破属性強化,2,砕竜の真髄,1,,,,,,
EXレックスα,EXレックスコイルα,10,3,1,0,M9,142,174,2,0,-3,0,-2,耳栓,1,満足感,1,轟竜の真髄,1,,,,
EXレックスβ,EXレックスコイルβ,10,4,2,1,M9,142,174,2,0,-3,0,-2,耳栓,1,轟竜の真髄,1,,,,,,
EXレックスロアα,EXレックスロアコイルα,11,2,0,0,M70,156,182,3,-4,-2,0,0,体力回復量ＵＰ,3,弱点特効,1,轟竜の真髄,1,,,,
EXレックスロアβ,EXレックスロアコイルβ,11,4,0,0,M70,156,182,3,-4,-2,0,0,体力回復量ＵＰ,2,弱点特効,1,轟竜の真髄,1,,,,
EXクロオビα,EXクロオビコイルα,11,3,0,0,,150,174,1,1,1,1,2,体力回復量ＵＰ,2,ランナー,1,教官の導き,1,,,,
EXクロオビβ,EXクロオビコイルβ,11,4,1,0,,150,174,1,1,1,1,2,体力回復量ＵＰ,2,教官の導き,1,,,,,,
EXドーベルα,EXドーベルコイルα,11,2,1,0,M17,152,176,-2,0,-1,-1,4,攻撃,2,気絶耐性,2,,,,,,
EXドーベルβ,EXドーベルコイルβ,11,4,2,0,M17,152,176,-2,0,-1,-1,4,攻撃,1,気絶耐性,1,,,,,,
EXダマスクα,EXダマスクコイルα,11,3,2,0,M17,152,176,4,-2,0,0,0,集中,1,ガード性能,1,,,,,,
EXダマスクβ,EXダマスクコイルβ,11,4,3,1,M17,152,176,4,-2,0,0,0,集中,1,,,,,,,,
EXプライドα,EXプライドコイルα,11,3,0,0,M18,154,178,3,1,-2,-4,-2,ボマー,2,抜刀術【技】,1,爆鱗竜の覇気,1,,,,
EXプライドβ,EXプライドコイルβ,11,4,2,0,M18,154,178,3,1,-2,-4,-2,ボマー,2,爆鱗竜の覇気,1,,,,,,
EXグリードα,EXグリードコイルα,11,1,0,0,M21,156,180,2,1,-3,1,-3,スタミナ奪取,2,匠,1,恐暴竜の真髄,1,,,,
EXグリードβ,EXグリードコイルβ,11,4,1,0,M21,156,180,2,1,-3,1,-3,スタミナ奪取,2,恐暴竜の真髄,1,,,,,,
EXラヴィーナα,EXラヴィーナコイルα,12,2,1,0,M17,154,178,-3,2,-1,4,-1,ひるみ軽減,1,災禍転福,1,冰龍の神秘,1,,,,
EXラヴィーナβ,EXラヴィーナコイルβ,12,4,1,0,M17,154,178,-3,2,-1,4,-1,ひるみ軽減,1,冰龍の神秘,1,,,,,,
EXヴァルファーα,EXヴァルファーコイルα,12,2,1,0,M19,156,180,-2,4,1,1,-3,早食い,2,フルチャージ,1,屍套龍の霊脈,1,,,,
EXヴァルファーβ,EXヴァルファーコイルβ,12,4,2,0,M19,156,180,-2,4,1,1,-3,早食い,2,屍套龍の霊脈,1,,,,,,
EXカイザーα,EXカイザーコイルα,12,3,0,0,M19,156,180,3,-3,1,-3,1,爆破属性強化,2,弱点特効,1,炎王龍の武技,1,,,,
EXカイザーβ,EXカイザーコイルβ,12,4,2,1,M19,156,180,3,-3,1,-3,1,爆破属性強化,2,炎王龍の武技,1,,,,,,
EXクシャナα,EXクシャナアンダα,12,2,0,0,M19,156,180,0,2,-3,4,-2,氷属性攻撃強化,3,回避距離ＵＰ,1,鋼龍の飛翔,1,,,,
EXクシャナβ,EXクシャナアンダβ,12,4,1,0,M19,156,180,0,2,-3,4,-2,氷属性攻撃強化,3,鋼龍の飛翔,1,,,,,,
EXキリンα,EXキリンフープα,12,2,0,0,M19,154,172,-3,-2,4,-2,2,属性やられ耐性,2,属性解放／装填拡張,1,幻獣の神秘,1,,,,
EXキリンβ,EXキリンフープβ,12,4,1,1,M19,154,172,-3,-2,4,-2,2,属性やられ耐性,2,幻獣の神秘,1,,,,,,
EXテンタクルα,EXテンタクルコイルα,12,1,1,1,M20,158,176,-3,4,3,0,-2,体術,2,スタミナ急速回復,1,溟龍の神秘,1,,,,
EXテンタクルβ,EXテンタクルコイルβ,12,4,1,1,M20,158,176,-3,4,3,0,-2,体術,1,スタミナ急速回復,1,溟龍の神秘,1,,,,
EXギルドパレスα,EXギルドパレスコイルα,11,1,1,0,M70,154,178,1,2,2,1,1,挑戦者,3,死中に活,1,ギルドの見識,1,,,,
EXギルドパレスβ,EXギルドパレスコイルβ,11,4,1,0,M70,154,178,1,2,2,1,1,挑戦者,2,死中に活,1,ギルドの見識,1,,,,
EXアンガルダα,EXアンガルダコイルα,12,3,2,0,M23,162,180,0,-2,3,-3,0,体力増強,2,体力回復量ＵＰ,1,地啼龍の神秘,1,,,,
EXアンガルダβ,EXアンガルダコイルβ,12,4,3,0,M23,162,180,0,-2,3,-3,0,体力増強,2,地啼龍の神秘,1,,,,,,
EXゾラマグナα,EXゾラマグナスパインα,12,3,2,0,M24,160,178,4,-3,-1,-2,-3,耐震,1,砲術,1,熔山龍の真髄,1,,,,
EXゾラマグナβ,EXゾラマグナスパインβ,12,4,3,0,M24,160,178,4,-3,-1,-2,-3,耐震,1,熔山龍の真髄,1,,,,,,
EXガルルガα,EXガルルガコイルα,11,1,1,0,M24,154,178,2,-3,2,-2,-2,逆恨み,2,毒属性強化,2,,,,,,
EXガルルガβ,EXガルルガコイルβ,11,4,3,0,M24,154,178,2,-3,2,-2,-2,逆恨み,2,,,,,,,,
EXジンオウα,EXジンオウコイルα,11,2,0,0,M24,158,182,-1,-1,4,-4,1,強化持続,1,雷属性攻撃強化,2,雷狼竜の真髄,1,,,,
EXジンオウβ,EXジンオウコイルβ,11,4,2,0,M24,158,182,-1,-1,4,-4,1,強化持続,1,雷狼竜の真髄,1,,,,,,
EXギルドワークα,EXギルドワークウエストα,12,3,2,0,M24,162,180,2,1,1,2,2,探索者の幸運,1,感知,1,ギルドの見識,1,,,,
EXギルドワークβ,EXギルドワークウエストβ,12,4,3,0,M24,162,180,2,1,1,2,2,探索者の幸運,1,ギルドの見識,1,,,,,,
EXゴールドルナα,EXゴールドルナコイルα,12,2,2,0,M70,162,180,3,-2,-4,0,4,精霊の加護,3,体力増強,1,金火竜の真髄,1,,,,
EXゴールドルナβ,EXゴールドルナコイルβ,12,4,2,0,M70,162,180,3,-2,-4,0,4,精霊の加護,3,金火竜の真髄,1,,,,,,
EXシルバーソルα,EXシルバーソルコイルα,12,1,1,0,M70,162,180,4,-3,-2,-2,3,風圧耐性,2,超会心,1,銀火竜の真髄,1,,,,
EXシルバーソルβ,EXシルバーソルコイルβ,12,4,1,0,M70,162,180,4,-3,-2,-2,3,風圧耐性,1,超会心,1,銀火竜の真髄,1,,,,
EXエンプレスα,EXエンプレスコイルα,12,2,2,0,M50,164,182,3,1,1,-3,-2,体力増強,2,爆破属性強化,2,炎妃龍の真髄,1,,,,
EXエンプレスβ,EXエンプレスコイルβ,12,4,2,0,M50,164,182,3,1,1,-3,-2,体力増強,2,炎妃龍の真髄,1,,,,,,
EXゾークα,EXゾークコイルα,12,2,1,0,M100,166,184,1,1,-3,1,-3,攻撃,3,耳栓,1,滅尽龍の覇気,1,,,,
EXゾークβ,EXゾークコイルβ,12,4,1,0,M100,166,184,1,1,-3,1,-3,攻撃,2,耳栓,1,滅尽龍の覇気,1,,,,
EX金色α,EX金色ノ帯α,11,3,1,0,M24,158,182,2,0,3,-5,2,弱点特効,1,匠,1,金獅子の怒気,1,,,,
EX金色β,EX金色ノ帯β,11,4,3,0,M24,158,182,2,0,3,-5,2,弱点特効,1,金獅子の怒気,1,,,,,,
EX斉天α,EX斉天ノ帯α,12,1,1,1,M24,170,188,2,0,3,-5,2,渾身,2,火事場力,2,金獅子の闘志,1,,,,
EX斉天β,EX斉天ノ帯β,12,4,2,1,M24,170,188,2,0,3,-5,2,渾身,2,金獅子の闘志,1,,,,,,
EXゴクオウα,EXゴクオウコイルα,11,1,1,1,M24,160,184,2,-4,-5,0,4,力の解放,3,耳栓,2,雷狼竜の真髄,1,,,,
EXゴクオウβ,EXゴクオウコイルβ,11,4,1,1,M24,160,184,2,-4,-5,0,4,力の解放,3,耳栓,1,雷狼竜の真髄,1,,,,
EX龍紋α,EX龍紋ヲ刻マレシ封帯α,12,3,0,0,M24,168,186,2,1,1,1,-1,回避性能,2,渾身,1,赤龍の封印,1,,,,
EX龍紋β,EX龍紋ヲ刻マレシ封帯β,12,4,1,0,M24,168,186,2,1,1,1,-1,回避性能,2,赤龍の封印,1,,,,,,
EXブラキウムα,EXブラキウムコイルα,12,3,0,0,M24,170,188,3,-2,1,-3,1,挑戦者,3,砲術,2,砕竜の闘志,1,,,,
EXブラキウムβ,EXブラキウムコイルβ,12,4,1,0,M24,170,188,3,-2,1,-3,1,挑戦者,3,砕竜の闘志,1,,,,,,
EXオルムングα,EXオルムングコイルα,11,3,3,1,M24,162,186,-3,2,-2,3,0,納刀術,1,抜刀術【技】,1,氷牙竜の絶技,1,,,,
EXオルムングβ,EXオルムングコイルβ,11,4,3,1,M24,162,186,-3,2,-2,3,0,納刀術,1,氷牙竜の絶技,1,,,,,,
EXエスカドラα,EXエスカドラマイトα,12,3,1,0,M24,160,178,3,0,0,3,2,攻撃,4,龍耐性,3,煌黒龍の神秘,1,,,,
EXエスカドラβ,EXエスカドラマイトβ,12,4,1,0,M24,160,178,3,0,0,3,2,攻撃,3,龍耐性,3,煌黒龍の神秘,1,,,,
EXドラゴンα,EXドラゴンスパインα,12,4,3,3,M24,180,198,-1,2,2,0,-4,見切り,3,弱点特効,1,黒龍の伝説,1,,,,
EXドラゴンβ,EXドラゴンスパインβ,12,4,4,4,M24,180,198,-1,2,2,0,-4,見切り,2,黒龍の伝説,1,,,,,,
EXマムガイラα,EXマムガイラコイルα,12,2,1,1,M24,176,194,4,-2,3,-2,-4,フルチャージ,2,満足感,1,爛輝龍の真髄,1,,,,
EXマムガイラβ,EXマムガイラコイルβ,12,4,2,0,M24,176,194,4,-2,3,-2,-4,フルチャージ,2,爛輝龍の真髄,1,,,,,,
EXテンタクルγ,EXテンタクルコイルγ,12,4,2,0,M100,176,194,-3,4,3,0,-2,回避距離ＵＰ,3,回復速度,2,溟龍の神秘,1,,,,
EXラヴィーナγ,EXラヴィーナコイルγ,12,4,1,0,M100,180,198,-3,2,-1,4,-1,集中,3,納刀術,1,冰龍の神秘,1,,,,
EXウーロンα,EXウーロンウエストα,9,1,1,0,M1,120,158,1,1,1,4,1,体術,3,万福の祝福,1,,,,,,
EXアストラα,EXアストラスカートα,9,4,1,0,M1,140,178,2,2,2,2,2,ひるみ軽減,2,大感謝の祝福,1,,,,,,
EXローゼα,EXローゼベルトα,10,4,1,0,M9,150,182,4,1,1,1,1,逆恨み,3,満開の祝福,1,,,,,,
EXパッションα,EXパッションベルトα,10,1,1,0,M12,156,188,1,4,1,1,1,植生学,4,情熱の祝福,1,,,,,,
EX魔界ノ主α,EX魔界ノ主【革帯】α,11,1,1,0,M11,162,186,1,1,4,1,1,属性解放／装填拡張,3,ホラーナイトの祝福,1,,,,,,
EX蒼世ノ侍α,EX蒼世ノ侍【帯】α,12,4,1,1,M18 ,170,188,2,2,0,0,3,スリンガー装填数ＵＰ,2,水属性攻撃強化,3,銀火竜の真髄,1,,,,
EXバヌークα,EXバヌークコイルα,12,4,1,1,M24,160,178,2,0,2,2,2,ランナー,2,水場・深雪適応,1,蛮顎竜の覇気,1,,,,
EXマッスルα,EXマッスルウエストα,11,4,0,0,M24,154,178,2,-1,0,-1,-3,挑戦者,2,火事場力,3,,,,,,
EXアルテミスα,EXアルテミスコイルα,11,3,0,0,M1,140,164,2,2,1,1,2,属性やられ耐性,2,体力回復量ＵＰ,2,New World,1,,,,
EXレオンα,EXレオンウエストα,12,4,0,0,M20,150,168,3,2,2,3,0,挑戦者,1,攻撃,1,サバイバー,1,,,,
EXクレアα,EXクレアウエストα,12,4,0,0,M20,150,168,3,2,2,3,0,挑戦者,1,スタミナ急速回復,2,サバイバー,1,,,,
EXシールドウィーバー,EXシールドウィーバー・腰,12,3,1,0,M24,132,150,-1,-1,3,-1,2,逆恨み,3,動力源,1,,,,,,